[2026-07-18 09:02:47] laravel.EMERGENCY: Unable to create configured logger. Using emergency logger. {"exception":"[object] (InvalidArgumentException(code: 0): Log [] is not defined. at C:/Users/hmcdi/OneDrive/Documents/GITHUB/cloud_hospital_system/vendor/laravel/framework/src/Illuminate/Log/LogManager.php:212)
[stacktrace]
#0 C:/Users/hmcdi/OneDrive/Documents/GITHUB/cloud_hospital_system/vendor/laravel/framework/src/Illuminate/Log/LogManager.php(137): Illuminate/Log/LogManager->resolve(NULL, NULL)
#1 C:/Users/hmcdi/OneDrive/Documents/GITHUB/cloud_hospital_system/vendor/laravel/framework/src/Illuminate/Log/LogManager.php(124): Illuminate/Log/LogManager->get(NULL)
#2 C:/Users/hmcdi/OneDrive/Documents/GITHUB/cloud_hospital_system/vendor/laravel/framework/src/Illuminate/Log/LogManager.php(681): Illuminate/Log/LogManager->driver()
#3 C:/Users/hmcdi/OneDrive/Documents/GITHUB/cloud_hospital_system/vendor/laravel/framework/src/Illuminate/Foundation/Exceptions/Handler.php(317): Illuminate/Log/LogManager->error('The C://Users//hm...', Array)
#4 C:/Users/hmcdi/OneDrive/Documents/GITHUB/cloud_hospital_system/vendor/laravel/framework/src/Illuminate/Foundation/Exceptions/Handler.php(278): Illuminate/Foundation/Exceptions/Handler->reportThrowable(Object(Exception))
#5 C:/Users/hmcdi/OneDrive/Documents/GITHUB/cloud_hospital_system/vendor/laravel/framework/src/Illuminate/Foundation/Console/Kernel.php(523): Illuminate/Foundation/Exceptions/Handler->report(Object(Exception))
#6 C:/Users/hmcdi/OneDrive/Documents/GITHUB/cloud_hospital_system/vendor/laravel/framework/src/Illuminate/Foundation/Console/Kernel.php(203): Illuminate/Foundation/Console/Kernel->reportException(Object(Exception))
#7 C:/Users/hmcdi/OneDrive/Documents/GITHUB/cloud_hospital_system/artisan(35): Illuminate/Foundation/Console/Kernel->handle(Object(Symfony/Component/Console/Input/ArgvInput), Object(Symfony/Component/Console/Output/ConsoleOutput))
#8 {main}
"} 
[2026-07-18 09:02:47] laravel.ERROR: The C:\Users\hmcdi\OneDrive\Documents\GITHUB\cloud_hospital_system\bootstrap\cache directory must be present and writable. {"exception":"[object] (Exception(code: 0): The C:\\Users\\hmcdi\\OneDrive\\Documents\\GITHUB\\cloud_hospital_system\\bootstrap\\cache directory must be present and writable. at C:/Users/hmcdi/OneDrive/Documents/GITHUB/cloud_hospital_system/vendor/laravel/framework/src/Illuminate/Foundation/PackageManifest.php:178)
[stacktrace]
#0 C:/Users/hmcdi/OneDrive/Documents/GITHUB/cloud_hospital_system/vendor/laravel/framework/src/Illuminate/Foundation/PackageManifest.php(131): Illuminate/Foundation/PackageManifest->write(Array)
#1 C:/Users/hmcdi/OneDrive/Documents/GITHUB/cloud_hospital_system/vendor/laravel/framework/src/Illuminate/Foundation/PackageManifest.php(107): Illuminate/Foundation/PackageManifest->build()
#2 C:/Users/hmcdi/OneDrive/Documents/GITHUB/cloud_hospital_system/vendor/laravel/framework/src/Illuminate/Foundation/PackageManifest.php(90): Illuminate/Foundation/PackageManifest->getManifest()
#3 C:/Users/hmcdi/OneDrive/Documents/GITHUB/cloud_hospital_system/vendor/laravel/framework/src/Illuminate/Foundation/PackageManifest.php(79): Illuminate/Foundation/PackageManifest->config('aliases')
#4 C:/Users/hmcdi/OneDrive/Documents/GITHUB/cloud_hospital_system/vendor/laravel/framework/src/Illuminate/Foundation/Bootstrap/RegisterFacades.php(26): Illuminate/Foundation/PackageManifest->aliases()
#5 C:/Users/hmcdi/OneDrive/Documents/GITHUB/cloud_hospital_system/vendor/laravel/framework/src/Illuminate/Foundation/Application.php(286): Illuminate/Foundation/Bootstrap/RegisterFacades->bootstrap(Object(Illuminate/Foundation/Application))
#6 C:/Users/hmcdi/OneDrive/Documents/GITHUB/cloud_hospital_system/vendor/laravel/framework/src/Illuminate/Foundation/Console/Kernel.php(447): Illuminate/Foundation/Application->bootstrapWith(Array)
#7 C:/Users/hmcdi/OneDrive/Documents/GITHUB/cloud_hospital_system/vendor/laravel/framework/src/Illuminate/Foundation/Console/Kernel.php(199): Illuminate/Foundation/Console/Kernel->bootstrap()
#8 C:/Users/hmcdi/OneDrive/Documents/GITHUB/cloud_hospital_system/artisan(35): Illuminate/Foundation/Console/Kernel->handle(Object(Symfony/Component/Console/Input/ArgvInput), Object(Symfony/Component/Console/Output/ConsoleOutput))
#9 {main}
"} 
[2026-07-18 09:21:26] laravel.EMERGENCY: Unable to create configured logger. Using emergency logger. {"exception":"[object] (InvalidArgumentException(code: 0): Log [] is not defined. at C:/Users/hmcdi/OneDrive/Documents/GITHUB/cloud_hospital_system/vendor/laravel/framework/src/Illuminate/Log/LogManager.php:212)
[stacktrace]
#0 C:/Users/hmcdi/OneDrive/Documents/GITHUB/cloud_hospital_system/vendor/laravel/framework/src/Illuminate/Log/LogManager.php(137): Illuminate/Log/LogManager->resolve(NULL, NULL)
#1 C:/Users/hmcdi/OneDrive/Documents/GITHUB/cloud_hospital_system/vendor/laravel/framework/src/Illuminate/Log/LogManager.php(124): Illuminate/Log/LogManager->get(NULL)
#2 C:/Users/hmcdi/OneDrive/Documents/GITHUB/cloud_hospital_system/vendor/laravel/framework/src/Illuminate/Log/LogManager.php(681): Illuminate/Log/LogManager->driver()
#3 C:/Users/hmcdi/OneDrive/Documents/GITHUB/cloud_hospital_system/vendor/laravel/framework/src/Illuminate/Foundation/Exceptions/Handler.php(317): Illuminate/Log/LogManager->error('Illuminate//View...', Array)
#4 C:/Users/hmcdi/OneDrive/Documents/GITHUB/cloud_hospital_system/vendor/laravel/framework/src/Illuminate/Foundation/Exceptions/Handler.php(278): Illuminate/Foundation/Exceptions/Handler->reportThrowable(Object(TypeError))
#5 C:/Users/hmcdi/OneDrive/Documents/GITHUB/cloud_hospital_system/vendor/laravel/framework/src/Illuminate/Routing/Pipeline.php(49): Illuminate/Foundation/Exceptions/Handler->report(Object(TypeError))
#6 C:/Users/hmcdi/OneDrive/Documents/GITHUB/cloud_hospital_system/vendor/laravel/framework/src/Illuminate/Pipeline/Pipeline.php(188): Illuminate/Routing/Pipeline->handleException(Object(Illuminate/Http/Request), Object(TypeError))
#7 C:/Users/hmcdi/OneDrive/Documents/GITHUB/cloud_hospital_system/vendor/laravel/framework/src/Illuminate/Session/Middleware/StartSession.php(121): Illuminate/Pipeline/Pipeline->Illuminate/Pipeline/{closure}(Object(Illuminate/Http/Request))
#8 C:/Users/hmcdi/OneDrive/Documents/GITHUB/cloud_hospital_system/vendor/laravel/framework/src/Illuminate/Session/Middleware/StartSession.php(64): Illuminate/Session/Middleware/StartSession->handleStatefulRequest(Object(Illuminate/Http/Request), Object(Illuminate/Session/Store), Object(Closure))
#9 C:/Users/hmcdi/OneDrive/Documents/GITHUB/cloud_hospital_system/vendor/laravel/framework/src/Illuminate/Pipeline/Pipeline.php(183): Illuminate/Session/Middleware/StartSession->handle(Object(Illuminate/Http/Request), Object(Closure))
#10 C:/Users/hmcdi/OneDrive/Documents/GITHUB/cloud_hospital_system/vendor/laravel/framework/src/Illuminate/Cookie/Middleware/AddQueuedCookiesToResponse.php(37): Illuminate/Pipeline/Pipeline->Illuminate/Pipeline/{closure}(Object(Illuminate/Http/Request))
#11 C:/Users/hmcdi/OneDrive/Documents/GITHUB/cloud_hospital_system/vendor/laravel/framework/src/Illuminate/Pipeline/Pipeline.php(183): Illuminate/Cookie/Middleware/AddQueuedCookiesToResponse->handle(Object(Illuminate/Http/Request), Object(Closure))
#12 C:/Users/hmcdi/OneDrive/Documents/GITHUB/cloud_hospital_system/vendor/laravel/framework/src/Illuminate/Cookie/Middleware/EncryptCookies.php(67): Illuminate/Pipeline/Pipeline->Illuminate/Pipeline/{closure}(Object(Illuminate/Http/Request))
#13 C:/Users/hmcdi/OneDrive/Documents/GITHUB/cloud_hospital_system/vendor/laravel/framework/src/Illuminate/Pipeline/Pipeline.php(183): Illuminate/Cookie/Middleware/EncryptCookies->handle(Object(Illuminate/Http/Request), Object(Closure))
#14 C:/Users/hmcdi/OneDrive/Documents/GITHUB/cloud_hospital_system/vendor/laravel/framework/src/Illuminate/Pipeline/Pipeline.php(119): Illuminate/Pipeline/Pipeline->Illuminate/Pipeline/{closure}(Object(Illuminate/Http/Request))
#15 C:/Users/hmcdi/OneDrive/Documents/GITHUB/cloud_hospital_system/vendor/laravel/framework/src/Illuminate/Routing/Router.php(805): Illuminate/Pipeline/Pipeline->then(Object(Closure))
#16 C:/Users/hmcdi/OneDrive/Documents/GITHUB/cloud_hospital_system/vendor/laravel/framework/src/Illuminate/Routing/Router.php(784): Illuminate/Routing/Router->runRouteWithinStack(Object(Illuminate/Routing/Route), Object(Illuminate/Http/Request))
#17 C:/Users/hmcdi/OneDrive/Documents/GITHUB/cloud_hospital_system/vendor/laravel/framework/src/Illuminate/Routing/Router.php(748): Illuminate/Routing/Router->runRoute(Object(Illuminate/Http/Request), Object(Illuminate/Routing/Route))
#18 C:/Users/hmcdi/OneDrive/Documents/GITHUB/cloud_hospital_system/vendor/laravel/framework/src/Illuminate/Routing/Router.php(737): Illuminate/Routing/Router->dispatchToRoute(Object(Illuminate/Http/Request))
#19 C:/Users/hmcdi/OneDrive/Documents/GITHUB/cloud_hospital_system/vendor/laravel/framework/src/Illuminate/Foundation/Http/Kernel.php(200): Illuminate/Routing/Router->dispatch(Object(Illuminate/Http/Request))
#20 C:/Users/hmcdi/OneDrive/Documents/GITHUB/cloud_hospital_system/vendor/laravel/framework/src/Illuminate/Pipeline/Pipeline.php(144): Illuminate/Foundation/Http/Kernel->Illuminate/Foundation/Http/{closure}(Object(Illuminate/Http/Request))
#21 C:/Users/hmcdi/OneDrive/Documents/GITHUB/cloud_hospital_system/vendor/laravel/framework/src/Illuminate/Foundation/Http/Middleware/TransformsRequest.php(21): Illuminate/Pipeline/Pipeline->Illuminate/Pipeline/{closure}(Object(Illuminate/Http/Request))
#22 C:/Users/hmcdi/OneDrive/Documents/GITHUB/cloud_hospital_system/vendor/laravel/framework/src/Illuminate/Foundation/Http/Middleware/ConvertEmptyStringsToNull.php(31): Illuminate/Foundation/Http/Middleware/TransformsRequest->handle(Object(Illuminate/Http/Request), Object(Closure))
#23 C:/Users/hmcdi/OneDrive/Documents/GITHUB/cloud_hospital_system/vendor/laravel/framework/src/Illuminate/Pipeline/Pipeline.php(183): Illuminate/Foundation/Http/Middleware/ConvertEmptyStringsToNull->handle(Object(Illuminate/Http/Request), Object(Closure))
#24 C:/Users/hmcdi/OneDrive/Documents/GITHUB/cloud_hospital_system/vendor/laravel/framework/src/Illuminate/Foundation/Http/Middleware/TransformsRequest.php(21): Illuminate/Pipeline/Pipeline->Illuminate/Pipeline/{closure}(Object(Illuminate/Http/Request))
#25 C:/Users/hmcdi/OneDrive/Documents/GITHUB/cloud_hospital_system/vendor/laravel/framework/src/Illuminate/Foundation/Http/Middleware/TrimStrings.php(40): Illuminate/Foundation/Http/Middleware/TransformsRequest->handle(Object(Illuminate/Http/Request), Object(Closure))
#26 C:/Users/hmcdi/OneDrive/Documents/GITHUB/cloud_hospital_system/vendor/laravel/framework/src/Illuminate/Pipeline/Pipeline.php(183): Illuminate/Foundation/Http/Middleware/TrimStrings->handle(Object(Illuminate/Http/Request), Object(Closure))
#27 C:/Users/hmcdi/OneDrive/Documents/GITHUB/cloud_hospital_system/vendor/laravel/framework/src/Illuminate/Foundation/Http/Middleware/ValidatePostSize.php(27): Illuminate/Pipeline/Pipeline->Illuminate/Pipeline/{closure}(Object(Illuminate/Http/Request))
#28 C:/Users/hmcdi/OneDrive/Documents/GITHUB/cloud_hospital_system/vendor/laravel/framework/src/Illuminate/Pipeline/Pipeline.php(183): Illuminate/Foundation/Http/Middleware/ValidatePostSize->handle(Object(Illuminate/Http/Request), Object(Closure))
#29 C:/Users/hmcdi/OneDrive/Documents/GITHUB/cloud_hospital_system/vendor/laravel/framework/src/Illuminate/Http/Middleware/HandleCors.php(49): Illuminate/Pipeline/Pipeline->Illuminate/Pipeline/{closure}(Object(Illuminate/Http/Request))
#30 C:/Users/hmcdi/OneDrive/Documents/GITHUB/cloud_hospital_system/vendor/laravel/framework/src/Illuminate/Pipeline/Pipeline.php(183): Illuminate/Http/Middleware/HandleCors->handle(Object(Illuminate/Http/Request), Object(Closure))
#31 C:/Users/hmcdi/OneDrive/Documents/GITHUB/cloud_hospital_system/vendor/laravel/framework/src/Illuminate/Pipeline/Pipeline.php(119): Illuminate/Pipeline/Pipeline->Illuminate/Pipeline/{closure}(Object(Illuminate/Http/Request))
#32 C:/Users/hmcdi/OneDrive/Documents/GITHUB/cloud_hospital_system/vendor/laravel/framework/src/Illuminate/Foundation/Http/Kernel.php(175): Illuminate/Pipeline/Pipeline->then(Object(Closure))
#33 C:/Users/hmcdi/OneDrive/Documents/GITHUB/cloud_hospital_system/vendor/laravel/framework/src/Illuminate/Foundation/Http/Kernel.php(144): Illuminate/Foundation/Http/Kernel->sendRequestThroughRouter(Object(Illuminate/Http/Request))
#34 C:/Users/hmcdi/OneDrive/Documents/GITHUB/cloud_hospital_system/public/index.php(21): Illuminate/Foundation/Http/Kernel->handle(Object(Illuminate/Http/Request))
#35 C:/Users/hmcdi/OneDrive/Documents/GITHUB/cloud_hospital_system/vendor/laravel/framework/src/Illuminate/Foundation/resources/server.php(16): require_once('C://Users//hmcdi//...')
#36 {main}
"} 
[2026-07-18 09:21:26] laravel.ERROR: Illuminate\View\FileViewFinder::__construct(): Argument #2 ($paths) must be of type array, null given, called in C:\Users\hmcdi\OneDrive\Documents\GITHUB\cloud_hospital_system\vendor\laravel\framework\src\Illuminate\View\ViewServiceProvider.php on line 85 {"exception":"[object] (TypeError(code: 0): Illuminate\\View\\FileViewFinder::__construct(): Argument #2 ($paths) must be of type array, null given, called in C:\\Users\\hmcdi\\OneDrive\\Documents\\GITHUB\\cloud_hospital_system\\vendor\\laravel\\framework\\src\\Illuminate\\View\\ViewServiceProvider.php on line 85 at C:/Users/hmcdi/OneDrive/Documents/GITHUB/cloud_hospital_system/vendor/laravel/framework/src/Illuminate/View/FileViewFinder.php:53)
[stacktrace]
#0 C:/Users/hmcdi/OneDrive/Documents/GITHUB/cloud_hospital_system/vendor/laravel/framework/src/Illuminate/View/ViewServiceProvider.php(85): Illuminate/View/FileViewFinder->__construct(Object(Illuminate/Filesystem/Filesystem), NULL)
#1 C:/Users/hmcdi/OneDrive/Documents/GITHUB/cloud_hospital_system/vendor/laravel/framework/src/Illuminate/Container/Container.php(908): Illuminate/View/ViewServiceProvider->Illuminate/View/{closure}(Object(Illuminate/Foundation/Application), Array)
#2 C:/Users/hmcdi/OneDrive/Documents/GITHUB/cloud_hospital_system/vendor/laravel/framework/src/Illuminate/Container/Container.php(795): Illuminate/Container/Container->build(Object(Closure))
#3 C:/Users/hmcdi/OneDrive/Documents/GITHUB/cloud_hospital_system/vendor/laravel/framework/src/Illuminate/Foundation/Application.php(986): Illuminate/Container/Container->resolve('view.finder', Array, true)
#4 C:/Users/hmcdi/OneDrive/Documents/GITHUB/cloud_hospital_system/vendor/laravel/framework/src/Illuminate/Container/Container.php(731): Illuminate/Foundation/Application->resolve('view.finder', Array)
#5 C:/Users/hmcdi/OneDrive/Documents/GITHUB/cloud_hospital_system/vendor/laravel/framework/src/Illuminate/Foundation/Application.php(971): Illuminate/Container/Container->make('view.finder', Array)
#6 C:/Users/hmcdi/OneDrive/Documents/GITHUB/cloud_hospital_system/vendor/laravel/framework/src/Illuminate/Container/Container.php(1454): Illuminate/Foundation/Application->make('view.finder')
#7 C:/Users/hmcdi/OneDrive/Documents/GITHUB/cloud_hospital_system/vendor/laravel/framework/src/Illuminate/View/ViewServiceProvider.php(45): Illuminate/Container/Container->offsetGet('view.finder')
#8 C:/Users/hmcdi/OneDrive/Documents/GITHUB/cloud_hospital_system/vendor/laravel/framework/src/Illuminate/Container/Container.php(908): Illuminate/View/ViewServiceProvider->Illuminate/View/{closure}(Object(Illuminate/Foundation/Application), Array)
#9 C:/Users/hmcdi/OneDrive/Documents/GITHUB/cloud_hospital_system/vendor/laravel/framework/src/Illuminate/Container/Container.php(795): Illuminate/Container/Container->build(Object(Closure))
#10 C:/Users/hmcdi/OneDrive/Documents/GITHUB/cloud_hospital_system/vendor/laravel/framework/src/Illuminate/Foundation/Application.php(986): Illuminate/Container/Container->resolve('view', Array, true)
#11 C:/Users/hmcdi/OneDrive/Documents/GITHUB/cloud_hospital_system/vendor/laravel/framework/src/Illuminate/Container/Container.php(731): Illuminate/Foundation/Application->resolve('view', Array)
#12 C:/Users/hmcdi/OneDrive/Documents/GITHUB/cloud_hospital_system/vendor/laravel/framework/src/Illuminate/Foundation/Application.php(971): Illuminate/Container/Container->make('view', Array)
#13 C:/Users/hmcdi/OneDrive/Documents/GITHUB/cloud_hospital_system/vendor/laravel/framework/src/Illuminate/Container/Container.php(1066): Illuminate/Foundation/Application->make('view')
#14 C:/Users/hmcdi/OneDrive/Documents/GITHUB/cloud_hospital_system/vendor/laravel/framework/src/Illuminate/Container/Container.php(982): Illuminate/Container/Container->resolveClass(Object(ReflectionParameter))
#15 C:/Users/hmcdi/OneDrive/Documents/GITHUB/cloud_hospital_system/vendor/laravel/framework/src/Illuminate/Container/Container.php(943): Illuminate/Container/Container->resolveDependencies(Array)
#16 C:/Users/hmcdi/OneDrive/Documents/GITHUB/cloud_hospital_system/vendor/laravel/framework/src/Illuminate/Container/Container.php(795): Illuminate/Container/Container->build('Illuminate//View...')
#17 C:/Users/hmcdi/OneDrive/Documents/GITHUB/cloud_hospital_system/vendor/laravel/framework/src/Illuminate/Foundation/Application.php(986): Illuminate/Container/Container->resolve('Illuminate//View...', Array, true)
#18 C:/Users/hmcdi/OneDrive/Documents/GITHUB/cloud_hospital_system/vendor/laravel/framework/src/Illuminate/Container/Container.php(731): Illuminate/Foundation/Application->resolve('Illuminate//View...', Array)
#19 C:/Users/hmcdi/OneDrive/Documents/GITHUB/cloud_hospital_system/vendor/laravel/framework/src/Illuminate/Foundation/Application.php(971): Illuminate/Container/Container->make('Illuminate//View...', Array)
#20 C:/Users/hmcdi/OneDrive/Documents/GITHUB/cloud_hospital_system/vendor/laravel/framework/src/Illuminate/Pipeline/Pipeline.php(172): Illuminate/Foundation/Application->make('Illuminate//View...')
#21 C:/Users/hmcdi/OneDrive/Documents/GITHUB/cloud_hospital_system/vendor/laravel/framework/src/Illuminate/Session/Middleware/StartSession.php(121): Illuminate/Pipeline/Pipeline->Illuminate/Pipeline/{closure}(Object(Illuminate/Http/Request))
#22 C:/Users/hmcdi/OneDrive/Documents/GITHUB/cloud_hospital_system/vendor/laravel/framework/src/Illuminate/Session/Middleware/StartSession.php(64): Illuminate/Session/Middleware/StartSession->handleStatefulRequest(Object(Illuminate/Http/Request), Object(Illuminate/Session/Store), Object(Closure))
#23 C:/Users/hmcdi/OneDrive/Documents/GITHUB/cloud_hospital_system/vendor/laravel/framework/src/Illuminate/Pipeline/Pipeline.php(183): Illuminate/Session/Middleware/StartSession->handle(Object(Illuminate/Http/Request), Object(Closure))
#24 C:/Users/hmcdi/OneDrive/Documents/GITHUB/cloud_hospital_system/vendor/laravel/framework/src/Illuminate/Cookie/Middleware/AddQueuedCookiesToResponse.php(37): Illuminate/Pipeline/Pipeline->Illuminate/Pipeline/{closure}(Object(Illuminate/Http/Request))
#25 C:/Users/hmcdi/OneDrive/Documents/GITHUB/cloud_hospital_system/vendor/laravel/framework/src/Illuminate/Pipeline/Pipeline.php(183): Illuminate/Cookie/Middleware/AddQueuedCookiesToResponse->handle(Object(Illuminate/Http/Request), Object(Closure))
#26 C:/Users/hmcdi/OneDrive/Documents/GITHUB/cloud_hospital_system/vendor/laravel/framework/src/Illuminate/Cookie/Middleware/EncryptCookies.php(67): Illuminate/Pipeline/Pipeline->Illuminate/Pipeline/{closure}(Object(Illuminate/Http/Request))
#27 C:/Users/hmcdi/OneDrive/Documents/GITHUB/cloud_hospital_system/vendor/laravel/framework/src/Illuminate/Pipeline/Pipeline.php(183): Illuminate/Cookie/Middleware/EncryptCookies->handle(Object(Illuminate/Http/Request), Object(Closure))
#28 C:/Users/hmcdi/OneDrive/Documents/GITHUB/cloud_hospital_system/vendor/laravel/framework/src/Illuminate/Pipeline/Pipeline.php(119): Illuminate/Pipeline/Pipeline->Illuminate/Pipeline/{closure}(Object(Illuminate/Http/Request))
#29 C:/Users/hmcdi/OneDrive/Documents/GITHUB/cloud_hospital_system/vendor/laravel/framework/src/Illuminate/Routing/Router.php(805): Illuminate/Pipeline/Pipeline->then(Object(Closure))
#30 C:/Users/hmcdi/OneDrive/Documents/GITHUB/cloud_hospital_system/vendor/laravel/framework/src/Illuminate/Routing/Router.php(784): Illuminate/Routing/Router->runRouteWithinStack(Object(Illuminate/Routing/Route), Object(Illuminate/Http/Request))
#31 C:/Users/hmcdi/OneDrive/Documents/GITHUB/cloud_hospital_system/vendor/laravel/framework/src/Illuminate/Routing/Router.php(748): Illuminate/Routing/Router->runRoute(Object(Illuminate/Http/Request), Object(Illuminate/Routing/Route))
#32 C:/Users/hmcdi/OneDrive/Documents/GITHUB/cloud_hospital_system/vendor/laravel/framework/src/Illuminate/Routing/Router.php(737): Illuminate/Routing/Router->dispatchToRoute(Object(Illuminate/Http/Request))
#33 C:/Users/hmcdi/OneDrive/Documents/GITHUB/cloud_hospital_system/vendor/laravel/framework/src/Illuminate/Foundation/Http/Kernel.php(200): Illuminate/Routing/Router->dispatch(Object(Illuminate/Http/Request))
#34 C:/Users/hmcdi/OneDrive/Documents/GITHUB/cloud_hospital_system/vendor/laravel/framework/src/Illuminate/Pipeline/Pipeline.php(144): Illuminate/Foundation/Http/Kernel->Illuminate/Foundation/Http/{closure}(Object(Illuminate/Http/Request))
#35 C:/Users/hmcdi/OneDrive/Documents/GITHUB/cloud_hospital_system/vendor/laravel/framework/src/Illuminate/Foundation/Http/Middleware/TransformsRequest.php(21): Illuminate/Pipeline/Pipeline->Illuminate/Pipeline/{closure}(Object(Illuminate/Http/Request))
#36 C:/Users/hmcdi/OneDrive/Documents/GITHUB/cloud_hospital_system/vendor/laravel/framework/src/Illuminate/Foundation/Http/Middleware/ConvertEmptyStringsToNull.php(31): Illuminate/Foundation/Http/Middleware/TransformsRequest->handle(Object(Illuminate/Http/Request), Object(Closure))
#37 C:/Users/hmcdi/OneDrive/Documents/GITHUB/cloud_hospital_system/vendor/laravel/framework/src/Illuminate/Pipeline/Pipeline.php(183): Illuminate/Foundation/Http/Middleware/ConvertEmptyStringsToNull->handle(Object(Illuminate/Http/Request), Object(Closure))
#38 C:/Users/hmcdi/OneDrive/Documents/GITHUB/cloud_hospital_system/vendor/laravel/framework/src/Illuminate/Foundation/Http/Middleware/TransformsRequest.php(21): Illuminate/Pipeline/Pipeline->Illuminate/Pipeline/{closure}(Object(Illuminate/Http/Request))
#39 C:/Users/hmcdi/OneDrive/Documents/GITHUB/cloud_hospital_system/vendor/laravel/framework/src/Illuminate/Foundation/Http/Middleware/TrimStrings.php(40): Illuminate/Foundation/Http/Middleware/TransformsRequest->handle(Object(Illuminate/Http/Request), Object(Closure))
#40 C:/Users/hmcdi/OneDrive/Documents/GITHUB/cloud_hospital_system/vendor/laravel/framework/src/Illuminate/Pipeline/Pipeline.php(183): Illuminate/Foundation/Http/Middleware/TrimStrings->handle(Object(Illuminate/Http/Request), Object(Closure))
#41 C:/Users/hmcdi/OneDrive/Documents/GITHUB/cloud_hospital_system/vendor/laravel/framework/src/Illuminate/Foundation/Http/Middleware/ValidatePostSize.php(27): Illuminate/Pipeline/Pipeline->Illuminate/Pipeline/{closure}(Object(Illuminate/Http/Request))
#42 C:/Users/hmcdi/OneDrive/Documents/GITHUB/cloud_hospital_system/vendor/laravel/framework/src/Illuminate/Pipeline/Pipeline.php(183): Illuminate/Foundation/Http/Middleware/ValidatePostSize->handle(Object(Illuminate/Http/Request), Object(Closure))
#43 C:/Users/hmcdi/OneDrive/Documents/GITHUB/cloud_hospital_system/vendor/laravel/framework/src/Illuminate/Http/Middleware/HandleCors.php(49): Illuminate/Pipeline/Pipeline->Illuminate/Pipeline/{closure}(Object(Illuminate/Http/Request))
#44 C:/Users/hmcdi/OneDrive/Documents/GITHUB/cloud_hospital_system/vendor/laravel/framework/src/Illuminate/Pipeline/Pipeline.php(183): Illuminate/Http/Middleware/HandleCors->handle(Object(Illuminate/Http/Request), Object(Closure))
#45 C:/Users/hmcdi/OneDrive/Documents/GITHUB/cloud_hospital_system/vendor/laravel/framework/src/Illuminate/Pipeline/Pipeline.php(119): Illuminate/Pipeline/Pipeline->Illuminate/Pipeline/{closure}(Object(Illuminate/Http/Request))
#46 C:/Users/hmcdi/OneDrive/Documents/GITHUB/cloud_hospital_system/vendor/laravel/framework/src/Illuminate/Foundation/Http/Kernel.php(175): Illuminate/Pipeline/Pipeline->then(Object(Closure))
#47 C:/Users/hmcdi/OneDrive/Documents/GITHUB/cloud_hospital_system/vendor/laravel/framework/src/Illuminate/Foundation/Http/Kernel.php(144): Illuminate/Foundation/Http/Kernel->sendRequestThroughRouter(Object(Illuminate/Http/Request))
#48 C:/Users/hmcdi/OneDrive/Documents/GITHUB/cloud_hospital_system/public/index.php(21): Illuminate/Foundation/Http/Kernel->handle(Object(Illuminate/Http/Request))
#49 C:/Users/hmcdi/OneDrive/Documents/GITHUB/cloud_hospital_system/vendor/laravel/framework/src/Illuminate/Foundation/resources/server.php(16): require_once('C://Users//hmcdi//...')
#50 {main}
"} 
[2026-07-18 09:21:26] laravel.EMERGENCY: Unable to create configured logger. Using emergency logger. {"exception":"[object] (InvalidArgumentException(code: 0): Log [] is not defined. at C:/Users/hmcdi/OneDrive/Documents/GITHUB/cloud_hospital_system/vendor/laravel/framework/src/Illuminate/Log/LogManager.php:212)
[stacktrace]
#0 C:/Users/hmcdi/OneDrive/Documents/GITHUB/cloud_hospital_system/vendor/laravel/framework/src/Illuminate/Log/LogManager.php(137): Illuminate/Log/LogManager->resolve(NULL, NULL)
#1 C:/Users/hmcdi/OneDrive/Documents/GITHUB/cloud_hospital_system/vendor/laravel/framework/src/Illuminate/Log/LogManager.php(124): Illuminate/Log/LogManager->get(NULL)
#2 C:/Users/hmcdi/OneDrive/Documents/GITHUB/cloud_hospital_system/vendor/laravel/framework/src/Illuminate/Log/LogManager.php(681): Illuminate/Log/LogManager->driver()
#3 C:/Users/hmcdi/OneDrive/Documents/GITHUB/cloud_hospital_system/vendor/laravel/framework/src/Illuminate/Foundation/Exceptions/Handler.php(317): Illuminate/Log/LogManager->error('Illuminate//View...', Array)
#4 C:/Users/hmcdi/OneDrive/Documents/GITHUB/cloud_hospital_system/vendor/laravel/framework/src/Illuminate/Foundation/Exceptions/Handler.php(278): Illuminate/Foundation/Exceptions/Handler->reportThrowable(Object(TypeError))
#5 C:/Users/hmcdi/OneDrive/Documents/GITHUB/cloud_hospital_system/vendor/laravel/framework/src/Illuminate/Foundation/Bootstrap/HandleExceptions.php(183): Illuminate/Foundation/Exceptions/Handler->report(Object(TypeError))
#6 C:/Users/hmcdi/OneDrive/Documents/GITHUB/cloud_hospital_system/vendor/laravel/framework/src/Illuminate/Foundation/Bootstrap/HandleExceptions.php(255): Illuminate/Foundation/Bootstrap/HandleExceptions->handleException(Object(TypeError))
#7 [internal function]: Illuminate/Foundation/Bootstrap/HandleExceptions->Illuminate/Foundation/Bootstrap/{closure}(Object(TypeError))
#8 {main}
"} 
[2026-07-18 09:21:26] laravel.ERROR: Illuminate\View\FileViewFinder::__construct(): Argument #2 ($paths) must be of type array, null given, called in C:\Users\hmcdi\OneDrive\Documents\GITHUB\cloud_hospital_system\vendor\laravel\framework\src\Illuminate\View\ViewServiceProvider.php on line 85 {"exception":"[object] (TypeError(code: 0): Illuminate\\View\\FileViewFinder::__construct(): Argument #2 ($paths) must be of type array, null given, called in C:\\Users\\hmcdi\\OneDrive\\Documents\\GITHUB\\cloud_hospital_system\\vendor\\laravel\\framework\\src\\Illuminate\\View\\ViewServiceProvider.php on line 85 at C:/Users/hmcdi/OneDrive/Documents/GITHUB/cloud_hospital_system/vendor/laravel/framework/src/Illuminate/View/FileViewFinder.php:53)
[stacktrace]
#0 C:/Users/hmcdi/OneDrive/Documents/GITHUB/cloud_hospital_system/vendor/laravel/framework/src/Illuminate/View/ViewServiceProvider.php(85): Illuminate/View/FileViewFinder->__construct(Object(Illuminate/Filesystem/Filesystem), NULL)
#1 C:/Users/hmcdi/OneDrive/Documents/GITHUB/cloud_hospital_system/vendor/laravel/framework/src/Illuminate/Container/Container.php(908): Illuminate/View/ViewServiceProvider->Illuminate/View/{closure}(Object(Illuminate/Foundation/Application), Array)
#2 C:/Users/hmcdi/OneDrive/Documents/GITHUB/cloud_hospital_system/vendor/laravel/framework/src/Illuminate/Container/Container.php(795): Illuminate/Container/Container->build(Object(Closure))
#3 C:/Users/hmcdi/OneDrive/Documents/GITHUB/cloud_hospital_system/vendor/laravel/framework/src/Illuminate/Foundation/Application.php(986): Illuminate/Container/Container->resolve('view.finder', Array, true)
#4 C:/Users/hmcdi/OneDrive/Documents/GITHUB/cloud_hospital_system/vendor/laravel/framework/src/Illuminate/Container/Container.php(731): Illuminate/Foundation/Application->resolve('view.finder', Array)
#5 C:/Users/hmcdi/OneDrive/Documents/GITHUB/cloud_hospital_system/vendor/laravel/framework/src/Illuminate/Foundation/Application.php(971): Illuminate/Container/Container->make('view.finder', Array)
#6 C:/Users/hmcdi/OneDrive/Documents/GITHUB/cloud_hospital_system/vendor/laravel/framework/src/Illuminate/Container/Container.php(1454): Illuminate/Foundation/Application->make('view.finder')
#7 C:/Users/hmcdi/OneDrive/Documents/GITHUB/cloud_hospital_system/vendor/laravel/framework/src/Illuminate/View/ViewServiceProvider.php(45): Illuminate/Container/Container->offsetGet('view.finder')
#8 C:/Users/hmcdi/OneDrive/Documents/GITHUB/cloud_hospital_system/vendor/laravel/framework/src/Illuminate/Container/Container.php(908): Illuminate/View/ViewServiceProvider->Illuminate/View/{closure}(Object(Illuminate/Foundation/Application), Array)
#9 C:/Users/hmcdi/OneDrive/Documents/GITHUB/cloud_hospital_system/vendor/laravel/framework/src/Illuminate/Container/Container.php(795): Illuminate/Container/Container->build(Object(Closure))
#10 C:/Users/hmcdi/OneDrive/Documents/GITHUB/cloud_hospital_system/vendor/laravel/framework/src/Illuminate/Foundation/Application.php(986): Illuminate/Container/Container->resolve('view', Array, true)
#11 C:/Users/hmcdi/OneDrive/Documents/GITHUB/cloud_hospital_system/vendor/laravel/framework/src/Illuminate/Container/Container.php(731): Illuminate/Foundation/Application->resolve('view', Array)
#12 C:/Users/hmcdi/OneDrive/Documents/GITHUB/cloud_hospital_system/vendor/laravel/framework/src/Illuminate/Foundation/Application.php(971): Illuminate/Container/Container->make('view', Array)
#13 C:/Users/hmcdi/OneDrive/Documents/GITHUB/cloud_hospital_system/vendor/laravel/framework/src/Illuminate/Container/Container.php(1066): Illuminate/Foundation/Application->make('view')
#14 C:/Users/hmcdi/OneDrive/Documents/GITHUB/cloud_hospital_system/vendor/laravel/framework/src/Illuminate/Container/Container.php(982): Illuminate/Container/Container->resolveClass(Object(ReflectionParameter))
#15 C:/Users/hmcdi/OneDrive/Documents/GITHUB/cloud_hospital_system/vendor/laravel/framework/src/Illuminate/Container/Container.php(943): Illuminate/Container/Container->resolveDependencies(Array)
#16 C:/Users/hmcdi/OneDrive/Documents/GITHUB/cloud_hospital_system/vendor/laravel/framework/src/Illuminate/Container/Container.php(795): Illuminate/Container/Container->build('Illuminate//View...')
#17 C:/Users/hmcdi/OneDrive/Documents/GITHUB/cloud_hospital_system/vendor/laravel/framework/src/Illuminate/Foundation/Application.php(986): Illuminate/Container/Container->resolve('Illuminate//View...', Array, true)
#18 C:/Users/hmcdi/OneDrive/Documents/GITHUB/cloud_hospital_system/vendor/laravel/framework/src/Illuminate/Container/Container.php(731): Illuminate/Foundation/Application->resolve('Illuminate//View...', Array)
#19 C:/Users/hmcdi/OneDrive/Documents/GITHUB/cloud_hospital_system/vendor/laravel/framework/src/Illuminate/Foundation/Application.php(971): Illuminate/Container/Container->make('Illuminate//View...', Array)
#20 C:/Users/hmcdi/OneDrive/Documents/GITHUB/cloud_hospital_system/vendor/laravel/framework/src/Illuminate/Foundation/Http/Kernel.php(255): Illuminate/Foundation/Application->make('Illuminate//View...')
#21 C:/Users/hmcdi/OneDrive/Documents/GITHUB/cloud_hospital_system/vendor/laravel/framework/src/Illuminate/Foundation/Http/Kernel.php(213): Illuminate/Foundation/Http/Kernel->terminateMiddleware(Object(Illuminate/Http/Request), Object(Illuminate/Http/Response))
#22 C:/Users/hmcdi/OneDrive/Documents/GITHUB/cloud_hospital_system/public/index.php(27): Illuminate/Foundation/Http/Kernel->terminate(Object(Illuminate/Http/Request), Object(Illuminate/Http/Response))
#23 C:/Users/hmcdi/OneDrive/Documents/GITHUB/cloud_hospital_system/vendor/laravel/framework/src/Illuminate/Foundation/resources/server.php(16): require_once('C://Users//hmcdi//...')
#24 {main}
"} 
[2026-07-18 09:21:42] laravel.EMERGENCY: Unable to create configured logger. Using emergency logger. {"exception":"[object] (InvalidArgumentException(code: 0): Log [] is not defined. at C:/Users/hmcdi/OneDrive/Documents/GITHUB/cloud_hospital_system/vendor/laravel/framework/src/Illuminate/Log/LogManager.php:212)
[stacktrace]
#0 C:/Users/hmcdi/OneDrive/Documents/GITHUB/cloud_hospital_system/vendor/laravel/framework/src/Illuminate/Log/LogManager.php(137): Illuminate/Log/LogManager->resolve(NULL, NULL)
#1 C:/Users/hmcdi/OneDrive/Documents/GITHUB/cloud_hospital_system/vendor/laravel/framework/src/Illuminate/Log/LogManager.php(124): Illuminate/Log/LogManager->get(NULL)
#2 C:/Users/hmcdi/OneDrive/Documents/GITHUB/cloud_hospital_system/vendor/laravel/framework/src/Illuminate/Log/LogManager.php(681): Illuminate/Log/LogManager->driver()
#3 C:/Users/hmcdi/OneDrive/Documents/GITHUB/cloud_hospital_system/vendor/laravel/framework/src/Illuminate/Foundation/Exceptions/Handler.php(317): Illuminate/Log/LogManager->error('Illuminate//View...', Array)
#4 C:/Users/hmcdi/OneDrive/Documents/GITHUB/cloud_hospital_system/vendor/laravel/framework/src/Illuminate/Foundation/Exceptions/Handler.php(278): Illuminate/Foundation/Exceptions/Handler->reportThrowable(Object(TypeError))
#5 C:/Users/hmcdi/OneDrive/Documents/GITHUB/cloud_hospital_system/vendor/laravel/framework/src/Illuminate/Routing/Pipeline.php(49): Illuminate/Foundation/Exceptions/Handler->report(Object(TypeError))
#6 C:/Users/hmcdi/OneDrive/Documents/GITHUB/cloud_hospital_system/vendor/laravel/framework/src/Illuminate/Pipeline/Pipeline.php(188): Illuminate/Routing/Pipeline->handleException(Object(Illuminate/Http/Request), Object(TypeError))
#7 C:/Users/hmcdi/OneDrive/Documents/GITHUB/cloud_hospital_system/vendor/laravel/framework/src/Illuminate/Session/Middleware/StartSession.php(121): Illuminate/Pipeline/Pipeline->Illuminate/Pipeline/{closure}(Object(Illuminate/Http/Request))
#8 C:/Users/hmcdi/OneDrive/Documents/GITHUB/cloud_hospital_system/vendor/laravel/framework/src/Illuminate/Session/Middleware/StartSession.php(64): Illuminate/Session/Middleware/StartSession->handleStatefulRequest(Object(Illuminate/Http/Request), Object(Illuminate/Session/Store), Object(Closure))
#9 C:/Users/hmcdi/OneDrive/Documents/GITHUB/cloud_hospital_system/vendor/laravel/framework/src/Illuminate/Pipeline/Pipeline.php(183): Illuminate/Session/Middleware/StartSession->handle(Object(Illuminate/Http/Request), Object(Closure))
#10 C:/Users/hmcdi/OneDrive/Documents/GITHUB/cloud_hospital_system/vendor/laravel/framework/src/Illuminate/Cookie/Middleware/AddQueuedCookiesToResponse.php(37): Illuminate/Pipeline/Pipeline->Illuminate/Pipeline/{closure}(Object(Illuminate/Http/Request))
#11 C:/Users/hmcdi/OneDrive/Documents/GITHUB/cloud_hospital_system/vendor/laravel/framework/src/Illuminate/Pipeline/Pipeline.php(183): Illuminate/Cookie/Middleware/AddQueuedCookiesToResponse->handle(Object(Illuminate/Http/Request), Object(Closure))
#12 C:/Users/hmcdi/OneDrive/Documents/GITHUB/cloud_hospital_system/vendor/laravel/framework/src/Illuminate/Cookie/Middleware/EncryptCookies.php(67): Illuminate/Pipeline/Pipeline->Illuminate/Pipeline/{closure}(Object(Illuminate/Http/Request))
#13 C:/Users/hmcdi/OneDrive/Documents/GITHUB/cloud_hospital_system/vendor/laravel/framework/src/Illuminate/Pipeline/Pipeline.php(183): Illuminate/Cookie/Middleware/EncryptCookies->handle(Object(Illuminate/Http/Request), Object(Closure))
#14 C:/Users/hmcdi/OneDrive/Documents/GITHUB/cloud_hospital_system/vendor/laravel/framework/src/Illuminate/Pipeline/Pipeline.php(119): Illuminate/Pipeline/Pipeline->Illuminate/Pipeline/{closure}(Object(Illuminate/Http/Request))
#15 C:/Users/hmcdi/OneDrive/Documents/GITHUB/cloud_hospital_system/vendor/laravel/framework/src/Illuminate/Routing/Router.php(805): Illuminate/Pipeline/Pipeline->then(Object(Closure))
#16 C:/Users/hmcdi/OneDrive/Documents/GITHUB/cloud_hospital_system/vendor/laravel/framework/src/Illuminate/Routing/Router.php(784): Illuminate/Routing/Router->runRouteWithinStack(Object(Illuminate/Routing/Route), Object(Illuminate/Http/Request))
#17 C:/Users/hmcdi/OneDrive/Documents/GITHUB/cloud_hospital_system/vendor/laravel/framework/src/Illuminate/Routing/Router.php(748): Illuminate/Routing/Router->runRoute(Object(Illuminate/Http/Request), Object(Illuminate/Routing/Route))
#18 C:/Users/hmcdi/OneDrive/Documents/GITHUB/cloud_hospital_system/vendor/laravel/framework/src/Illuminate/Routing/Router.php(737): Illuminate/Routing/Router->dispatchToRoute(Object(Illuminate/Http/Request))
#19 C:/Users/hmcdi/OneDrive/Documents/GITHUB/cloud_hospital_system/vendor/laravel/framework/src/Illuminate/Foundation/Http/Kernel.php(200): Illuminate/Routing/Router->dispatch(Object(Illuminate/Http/Request))
#20 C:/Users/hmcdi/OneDrive/Documents/GITHUB/cloud_hospital_system/vendor/laravel/framework/src/Illuminate/Pipeline/Pipeline.php(144): Illuminate/Foundation/Http/Kernel->Illuminate/Foundation/Http/{closure}(Object(Illuminate/Http/Request))
#21 C:/Users/hmcdi/OneDrive/Documents/GITHUB/cloud_hospital_system/vendor/laravel/framework/src/Illuminate/Foundation/Http/Middleware/TransformsRequest.php(21): Illuminate/Pipeline/Pipeline->Illuminate/Pipeline/{closure}(Object(Illuminate/Http/Request))
#22 C:/Users/hmcdi/OneDrive/Documents/GITHUB/cloud_hospital_system/vendor/laravel/framework/src/Illuminate/Foundation/Http/Middleware/ConvertEmptyStringsToNull.php(31): Illuminate/Foundation/Http/Middleware/TransformsRequest->handle(Object(Illuminate/Http/Request), Object(Closure))
#23 C:/Users/hmcdi/OneDrive/Documents/GITHUB/cloud_hospital_system/vendor/laravel/framework/src/Illuminate/Pipeline/Pipeline.php(183): Illuminate/Foundation/Http/Middleware/ConvertEmptyStringsToNull->handle(Object(Illuminate/Http/Request), Object(Closure))
#24 C:/Users/hmcdi/OneDrive/Documents/GITHUB/cloud_hospital_system/vendor/laravel/framework/src/Illuminate/Foundation/Http/Middleware/TransformsRequest.php(21): Illuminate/Pipeline/Pipeline->Illuminate/Pipeline/{closure}(Object(Illuminate/Http/Request))
#25 C:/Users/hmcdi/OneDrive/Documents/GITHUB/cloud_hospital_system/vendor/laravel/framework/src/Illuminate/Foundation/Http/Middleware/TrimStrings.php(40): Illuminate/Foundation/Http/Middleware/TransformsRequest->handle(Object(Illuminate/Http/Request), Object(Closure))
#26 C:/Users/hmcdi/OneDrive/Documents/GITHUB/cloud_hospital_system/vendor/laravel/framework/src/Illuminate/Pipeline/Pipeline.php(183): Illuminate/Foundation/Http/Middleware/TrimStrings->handle(Object(Illuminate/Http/Request), Object(Closure))
#27 C:/Users/hmcdi/OneDrive/Documents/GITHUB/cloud_hospital_system/vendor/laravel/framework/src/Illuminate/Foundation/Http/Middleware/ValidatePostSize.php(27): Illuminate/Pipeline/Pipeline->Illuminate/Pipeline/{closure}(Object(Illuminate/Http/Request))
#28 C:/Users/hmcdi/OneDrive/Documents/GITHUB/cloud_hospital_system/vendor/laravel/framework/src/Illuminate/Pipeline/Pipeline.php(183): Illuminate/Foundation/Http/Middleware/ValidatePostSize->handle(Object(Illuminate/Http/Request), Object(Closure))
#29 C:/Users/hmcdi/OneDrive/Documents/GITHUB/cloud_hospital_system/vendor/laravel/framework/src/Illuminate/Http/Middleware/HandleCors.php(49): Illuminate/Pipeline/Pipeline->Illuminate/Pipeline/{closure}(Object(Illuminate/Http/Request))
#30 C:/Users/hmcdi/OneDrive/Documents/GITHUB/cloud_hospital_system/vendor/laravel/framework/src/Illuminate/Pipeline/Pipeline.php(183): Illuminate/Http/Middleware/HandleCors->handle(Object(Illuminate/Http/Request), Object(Closure))
#31 C:/Users/hmcdi/OneDrive/Documents/GITHUB/cloud_hospital_system/vendor/laravel/framework/src/Illuminate/Pipeline/Pipeline.php(119): Illuminate/Pipeline/Pipeline->Illuminate/Pipeline/{closure}(Object(Illuminate/Http/Request))
#32 C:/Users/hmcdi/OneDrive/Documents/GITHUB/cloud_hospital_system/vendor/laravel/framework/src/Illuminate/Foundation/Http/Kernel.php(175): Illuminate/Pipeline/Pipeline->then(Object(Closure))
#33 C:/Users/hmcdi/OneDrive/Documents/GITHUB/cloud_hospital_system/vendor/laravel/framework/src/Illuminate/Foundation/Http/Kernel.php(144): Illuminate/Foundation/Http/Kernel->sendRequestThroughRouter(Object(Illuminate/Http/Request))
#34 C:/Users/hmcdi/OneDrive/Documents/GITHUB/cloud_hospital_system/public/index.php(21): Illuminate/Foundation/Http/Kernel->handle(Object(Illuminate/Http/Request))
#35 C:/Users/hmcdi/OneDrive/Documents/GITHUB/cloud_hospital_system/vendor/laravel/framework/src/Illuminate/Foundation/resources/server.php(16): require_once('C://Users//hmcdi//...')
#36 {main}
"} 
[2026-07-18 09:21:42] laravel.ERROR: Illuminate\View\FileViewFinder::__construct(): Argument #2 ($paths) must be of type array, null given, called in C:\Users\hmcdi\OneDrive\Documents\GITHUB\cloud_hospital_system\vendor\laravel\framework\src\Illuminate\View\ViewServiceProvider.php on line 85 {"exception":"[object] (TypeError(code: 0): Illuminate\\View\\FileViewFinder::__construct(): Argument #2 ($paths) must be of type array, null given, called in C:\\Users\\hmcdi\\OneDrive\\Documents\\GITHUB\\cloud_hospital_system\\vendor\\laravel\\framework\\src\\Illuminate\\View\\ViewServiceProvider.php on line 85 at C:/Users/hmcdi/OneDrive/Documents/GITHUB/cloud_hospital_system/vendor/laravel/framework/src/Illuminate/View/FileViewFinder.php:53)
[stacktrace]
#0 C:/Users/hmcdi/OneDrive/Documents/GITHUB/cloud_hospital_system/vendor/laravel/framework/src/Illuminate/View/ViewServiceProvider.php(85): Illuminate/View/FileViewFinder->__construct(Object(Illuminate/Filesystem/Filesystem), NULL)
#1 C:/Users/hmcdi/OneDrive/Documents/GITHUB/cloud_hospital_system/vendor/laravel/framework/src/Illuminate/Container/Container.php(908): Illuminate/View/ViewServiceProvider->Illuminate/View/{closure}(Object(Illuminate/Foundation/Application), Array)
#2 C:/Users/hmcdi/OneDrive/Documents/GITHUB/cloud_hospital_system/vendor/laravel/framework/src/Illuminate/Container/Container.php(795): Illuminate/Container/Container->build(Object(Closure))
#3 C:/Users/hmcdi/OneDrive/Documents/GITHUB/cloud_hospital_system/vendor/laravel/framework/src/Illuminate/Foundation/Application.php(986): Illuminate/Container/Container->resolve('view.finder', Array, true)
#4 C:/Users/hmcdi/OneDrive/Documents/GITHUB/cloud_hospital_system/vendor/laravel/framework/src/Illuminate/Container/Container.php(731): Illuminate/Foundation/Application->resolve('view.finder', Array)
#5 C:/Users/hmcdi/OneDrive/Documents/GITHUB/cloud_hospital_system/vendor/laravel/framework/src/Illuminate/Foundation/Application.php(971): Illuminate/Container/Container->make('view.finder', Array)
#6 C:/Users/hmcdi/OneDrive/Documents/GITHUB/cloud_hospital_system/vendor/laravel/framework/src/Illuminate/Container/Container.php(1454): Illuminate/Foundation/Application->make('view.finder')
#7 C:/Users/hmcdi/OneDrive/Documents/GITHUB/cloud_hospital_system/vendor/laravel/framework/src/Illuminate/View/ViewServiceProvider.php(45): Illuminate/Container/Container->offsetGet('view.finder')
#8 C:/Users/hmcdi/OneDrive/Documents/GITHUB/cloud_hospital_system/vendor/laravel/framework/src/Illuminate/Container/Container.php(908): Illuminate/View/ViewServiceProvider->Illuminate/View/{closure}(Object(Illuminate/Foundation/Application), Array)
#9 C:/Users/hmcdi/OneDrive/Documents/GITHUB/cloud_hospital_system/vendor/laravel/framework/src/Illuminate/Container/Container.php(795): Illuminate/Container/Container->build(Object(Closure))
#10 C:/Users/hmcdi/OneDrive/Documents/GITHUB/cloud_hospital_system/vendor/laravel/framework/src/Illuminate/Foundation/Application.php(986): Illuminate/Container/Container->resolve('view', Array, true)
#11 C:/Users/hmcdi/OneDrive/Documents/GITHUB/cloud_hospital_system/vendor/laravel/framework/src/Illuminate/Container/Container.php(731): Illuminate/Foundation/Application->resolve('view', Array)
#12 C:/Users/hmcdi/OneDrive/Documents/GITHUB/cloud_hospital_system/vendor/laravel/framework/src/Illuminate/Foundation/Application.php(971): Illuminate/Container/Container->make('view', Array)
#13 C:/Users/hmcdi/OneDrive/Documents/GITHUB/cloud_hospital_system/vendor/laravel/framework/src/Illuminate/Container/Container.php(1066): Illuminate/Foundation/Application->make('view')
#14 C:/Users/hmcdi/OneDrive/Documents/GITHUB/cloud_hospital_system/vendor/laravel/framework/src/Illuminate/Container/Container.php(982): Illuminate/Container/Container->resolveClass(Object(ReflectionParameter))
#15 C:/Users/hmcdi/OneDrive/Documents/GITHUB/cloud_hospital_system/vendor/laravel/framework/src/Illuminate/Container/Container.php(943): Illuminate/Container/Container->resolveDependencies(Array)
#16 C:/Users/hmcdi/OneDrive/Documents/GITHUB/cloud_hospital_system/vendor/laravel/framework/src/Illuminate/Container/Container.php(795): Illuminate/Container/Container->build('Illuminate//View...')
#17 C:/Users/hmcdi/OneDrive/Documents/GITHUB/cloud_hospital_system/vendor/laravel/framework/src/Illuminate/Foundation/Application.php(986): Illuminate/Container/Container->resolve('Illuminate//View...', Array, true)
#18 C:/Users/hmcdi/OneDrive/Documents/GITHUB/cloud_hospital_system/vendor/laravel/framework/src/Illuminate/Container/Container.php(731): Illuminate/Foundation/Application->resolve('Illuminate//View...', Array)
#19 C:/Users/hmcdi/OneDrive/Documents/GITHUB/cloud_hospital_system/vendor/laravel/framework/src/Illuminate/Foundation/Application.php(971): Illuminate/Container/Container->make('Illuminate//View...', Array)
#20 C:/Users/hmcdi/OneDrive/Documents/GITHUB/cloud_hospital_system/vendor/laravel/framework/src/Illuminate/Pipeline/Pipeline.php(172): Illuminate/Foundation/Application->make('Illuminate//View...')
#21 C:/Users/hmcdi/OneDrive/Documents/GITHUB/cloud_hospital_system/vendor/laravel/framework/src/Illuminate/Session/Middleware/StartSession.php(121): Illuminate/Pipeline/Pipeline->Illuminate/Pipeline/{closure}(Object(Illuminate/Http/Request))
#22 C:/Users/hmcdi/OneDrive/Documents/GITHUB/cloud_hospital_system/vendor/laravel/framework/src/Illuminate/Session/Middleware/StartSession.php(64): Illuminate/Session/Middleware/StartSession->handleStatefulRequest(Object(Illuminate/Http/Request), Object(Illuminate/Session/Store), Object(Closure))
#23 C:/Users/hmcdi/OneDrive/Documents/GITHUB/cloud_hospital_system/vendor/laravel/framework/src/Illuminate/Pipeline/Pipeline.php(183): Illuminate/Session/Middleware/StartSession->handle(Object(Illuminate/Http/Request), Object(Closure))
#24 C:/Users/hmcdi/OneDrive/Documents/GITHUB/cloud_hospital_system/vendor/laravel/framework/src/Illuminate/Cookie/Middleware/AddQueuedCookiesToResponse.php(37): Illuminate/Pipeline/Pipeline->Illuminate/Pipeline/{closure}(Object(Illuminate/Http/Request))
#25 C:/Users/hmcdi/OneDrive/Documents/GITHUB/cloud_hospital_system/vendor/laravel/framework/src/Illuminate/Pipeline/Pipeline.php(183): Illuminate/Cookie/Middleware/AddQueuedCookiesToResponse->handle(Object(Illuminate/Http/Request), Object(Closure))
#26 C:/Users/hmcdi/OneDrive/Documents/GITHUB/cloud_hospital_system/vendor/laravel/framework/src/Illuminate/Cookie/Middleware/EncryptCookies.php(67): Illuminate/Pipeline/Pipeline->Illuminate/Pipeline/{closure}(Object(Illuminate/Http/Request))
#27 C:/Users/hmcdi/OneDrive/Documents/GITHUB/cloud_hospital_system/vendor/laravel/framework/src/Illuminate/Pipeline/Pipeline.php(183): Illuminate/Cookie/Middleware/EncryptCookies->handle(Object(Illuminate/Http/Request), Object(Closure))
#28 C:/Users/hmcdi/OneDrive/Documents/GITHUB/cloud_hospital_system/vendor/laravel/framework/src/Illuminate/Pipeline/Pipeline.php(119): Illuminate/Pipeline/Pipeline->Illuminate/Pipeline/{closure}(Object(Illuminate/Http/Request))
#29 C:/Users/hmcdi/OneDrive/Documents/GITHUB/cloud_hospital_system/vendor/laravel/framework/src/Illuminate/Routing/Router.php(805): Illuminate/Pipeline/Pipeline->then(Object(Closure))
#30 C:/Users/hmcdi/OneDrive/Documents/GITHUB/cloud_hospital_system/vendor/laravel/framework/src/Illuminate/Routing/Router.php(784): Illuminate/Routing/Router->runRouteWithinStack(Object(Illuminate/Routing/Route), Object(Illuminate/Http/Request))
#31 C:/Users/hmcdi/OneDrive/Documents/GITHUB/cloud_hospital_system/vendor/laravel/framework/src/Illuminate/Routing/Router.php(748): Illuminate/Routing/Router->runRoute(Object(Illuminate/Http/Request), Object(Illuminate/Routing/Route))
#32 C:/Users/hmcdi/OneDrive/Documents/GITHUB/cloud_hospital_system/vendor/laravel/framework/src/Illuminate/Routing/Router.php(737): Illuminate/Routing/Router->dispatchToRoute(Object(Illuminate/Http/Request))
#33 C:/Users/hmcdi/OneDrive/Documents/GITHUB/cloud_hospital_system/vendor/laravel/framework/src/Illuminate/Foundation/Http/Kernel.php(200): Illuminate/Routing/Router->dispatch(Object(Illuminate/Http/Request))
#34 C:/Users/hmcdi/OneDrive/Documents/GITHUB/cloud_hospital_system/vendor/laravel/framework/src/Illuminate/Pipeline/Pipeline.php(144): Illuminate/Foundation/Http/Kernel->Illuminate/Foundation/Http/{closure}(Object(Illuminate/Http/Request))
#35 C:/Users/hmcdi/OneDrive/Documents/GITHUB/cloud_hospital_system/vendor/laravel/framework/src/Illuminate/Foundation/Http/Middleware/TransformsRequest.php(21): Illuminate/Pipeline/Pipeline->Illuminate/Pipeline/{closure}(Object(Illuminate/Http/Request))
#36 C:/Users/hmcdi/OneDrive/Documents/GITHUB/cloud_hospital_system/vendor/laravel/framework/src/Illuminate/Foundation/Http/Middleware/ConvertEmptyStringsToNull.php(31): Illuminate/Foundation/Http/Middleware/TransformsRequest->handle(Object(Illuminate/Http/Request), Object(Closure))
#37 C:/Users/hmcdi/OneDrive/Documents/GITHUB/cloud_hospital_system/vendor/laravel/framework/src/Illuminate/Pipeline/Pipeline.php(183): Illuminate/Foundation/Http/Middleware/ConvertEmptyStringsToNull->handle(Object(Illuminate/Http/Request), Object(Closure))
#38 C:/Users/hmcdi/OneDrive/Documents/GITHUB/cloud_hospital_system/vendor/laravel/framework/src/Illuminate/Foundation/Http/Middleware/TransformsRequest.php(21): Illuminate/Pipeline/Pipeline->Illuminate/Pipeline/{closure}(Object(Illuminate/Http/Request))
#39 C:/Users/hmcdi/OneDrive/Documents/GITHUB/cloud_hospital_system/vendor/laravel/framework/src/Illuminate/Foundation/Http/Middleware/TrimStrings.php(40): Illuminate/Foundation/Http/Middleware/TransformsRequest->handle(Object(Illuminate/Http/Request), Object(Closure))
#40 C:/Users/hmcdi/OneDrive/Documents/GITHUB/cloud_hospital_system/vendor/laravel/framework/src/Illuminate/Pipeline/Pipeline.php(183): Illuminate/Foundation/Http/Middleware/TrimStrings->handle(Object(Illuminate/Http/Request), Object(Closure))
#41 C:/Users/hmcdi/OneDrive/Documents/GITHUB/cloud_hospital_system/vendor/laravel/framework/src/Illuminate/Foundation/Http/Middleware/ValidatePostSize.php(27): Illuminate/Pipeline/Pipeline->Illuminate/Pipeline/{closure}(Object(Illuminate/Http/Request))
#42 C:/Users/hmcdi/OneDrive/Documents/GITHUB/cloud_hospital_system/vendor/laravel/framework/src/Illuminate/Pipeline/Pipeline.php(183): Illuminate/Foundation/Http/Middleware/ValidatePostSize->handle(Object(Illuminate/Http/Request), Object(Closure))
#43 C:/Users/hmcdi/OneDrive/Documents/GITHUB/cloud_hospital_system/vendor/laravel/framework/src/Illuminate/Http/Middleware/HandleCors.php(49): Illuminate/Pipeline/Pipeline->Illuminate/Pipeline/{closure}(Object(Illuminate/Http/Request))
#44 C:/Users/hmcdi/OneDrive/Documents/GITHUB/cloud_hospital_system/vendor/laravel/framework/src/Illuminate/Pipeline/Pipeline.php(183): Illuminate/Http/Middleware/HandleCors->handle(Object(Illuminate/Http/Request), Object(Closure))
#45 C:/Users/hmcdi/OneDrive/Documents/GITHUB/cloud_hospital_system/vendor/laravel/framework/src/Illuminate/Pipeline/Pipeline.php(119): Illuminate/Pipeline/Pipeline->Illuminate/Pipeline/{closure}(Object(Illuminate/Http/Request))
#46 C:/Users/hmcdi/OneDrive/Documents/GITHUB/cloud_hospital_system/vendor/laravel/framework/src/Illuminate/Foundation/Http/Kernel.php(175): Illuminate/Pipeline/Pipeline->then(Object(Closure))
#47 C:/Users/hmcdi/OneDrive/Documents/GITHUB/cloud_hospital_system/vendor/laravel/framework/src/Illuminate/Foundation/Http/Kernel.php(144): Illuminate/Foundation/Http/Kernel->sendRequestThroughRouter(Object(Illuminate/Http/Request))
#48 C:/Users/hmcdi/OneDrive/Documents/GITHUB/cloud_hospital_system/public/index.php(21): Illuminate/Foundation/Http/Kernel->handle(Object(Illuminate/Http/Request))
#49 C:/Users/hmcdi/OneDrive/Documents/GITHUB/cloud_hospital_system/vendor/laravel/framework/src/Illuminate/Foundation/resources/server.php(16): require_once('C://Users//hmcdi//...')
#50 {main}
"} 
[2026-07-18 09:21:43] laravel.EMERGENCY: Unable to create configured logger. Using emergency logger. {"exception":"[object] (InvalidArgumentException(code: 0): Log [] is not defined. at C:/Users/hmcdi/OneDrive/Documents/GITHUB/cloud_hospital_system/vendor/laravel/framework/src/Illuminate/Log/LogManager.php:212)
[stacktrace]
#0 C:/Users/hmcdi/OneDrive/Documents/GITHUB/cloud_hospital_system/vendor/laravel/framework/src/Illuminate/Log/LogManager.php(137): Illuminate/Log/LogManager->resolve(NULL, NULL)
#1 C:/Users/hmcdi/OneDrive/Documents/GITHUB/cloud_hospital_system/vendor/laravel/framework/src/Illuminate/Log/LogManager.php(124): Illuminate/Log/LogManager->get(NULL)
#2 C:/Users/hmcdi/OneDrive/Documents/GITHUB/cloud_hospital_system/vendor/laravel/framework/src/Illuminate/Log/LogManager.php(681): Illuminate/Log/LogManager->driver()
#3 C:/Users/hmcdi/OneDrive/Documents/GITHUB/cloud_hospital_system/vendor/laravel/framework/src/Illuminate/Foundation/Exceptions/Handler.php(317): Illuminate/Log/LogManager->error('Illuminate//View...', Array)
#4 C:/Users/hmcdi/OneDrive/Documents/GITHUB/cloud_hospital_system/vendor/laravel/framework/src/Illuminate/Foundation/Exceptions/Handler.php(278): Illuminate/Foundation/Exceptions/Handler->reportThrowable(Object(TypeError))
#5 C:/Users/hmcdi/OneDrive/Documents/GITHUB/cloud_hospital_system/vendor/laravel/framework/src/Illuminate/Foundation/Bootstrap/HandleExceptions.php(183): Illuminate/Foundation/Exceptions/Handler->report(Object(TypeError))
#6 C:/Users/hmcdi/OneDrive/Documents/GITHUB/cloud_hospital_system/vendor/laravel/framework/src/Illuminate/Foundation/Bootstrap/HandleExceptions.php(255): Illuminate/Foundation/Bootstrap/HandleExceptions->handleException(Object(TypeError))
#7 [internal function]: Illuminate/Foundation/Bootstrap/HandleExceptions->Illuminate/Foundation/Bootstrap/{closure}(Object(TypeError))
#8 {main}
"} 
[2026-07-18 09:21:43] laravel.ERROR: Illuminate\View\FileViewFinder::__construct(): Argument #2 ($paths) must be of type array, null given, called in C:\Users\hmcdi\OneDrive\Documents\GITHUB\cloud_hospital_system\vendor\laravel\framework\src\Illuminate\View\ViewServiceProvider.php on line 85 {"exception":"[object] (TypeError(code: 0): Illuminate\\View\\FileViewFinder::__construct(): Argument #2 ($paths) must be of type array, null given, called in C:\\Users\\hmcdi\\OneDrive\\Documents\\GITHUB\\cloud_hospital_system\\vendor\\laravel\\framework\\src\\Illuminate\\View\\ViewServiceProvider.php on line 85 at C:/Users/hmcdi/OneDrive/Documents/GITHUB/cloud_hospital_system/vendor/laravel/framework/src/Illuminate/View/FileViewFinder.php:53)
[stacktrace]
#0 C:/Users/hmcdi/OneDrive/Documents/GITHUB/cloud_hospital_system/vendor/laravel/framework/src/Illuminate/View/ViewServiceProvider.php(85): Illuminate/View/FileViewFinder->__construct(Object(Illuminate/Filesystem/Filesystem), NULL)
#1 C:/Users/hmcdi/OneDrive/Documents/GITHUB/cloud_hospital_system/vendor/laravel/framework/src/Illuminate/Container/Container.php(908): Illuminate/View/ViewServiceProvider->Illuminate/View/{closure}(Object(Illuminate/Foundation/Application), Array)
#2 C:/Users/hmcdi/OneDrive/Documents/GITHUB/cloud_hospital_system/vendor/laravel/framework/src/Illuminate/Container/Container.php(795): Illuminate/Container/Container->build(Object(Closure))
#3 C:/Users/hmcdi/OneDrive/Documents/GITHUB/cloud_hospital_system/vendor/laravel/framework/src/Illuminate/Foundation/Application.php(986): Illuminate/Container/Container->resolve('view.finder', Array, true)
#4 C:/Users/hmcdi/OneDrive/Documents/GITHUB/cloud_hospital_system/vendor/laravel/framework/src/Illuminate/Container/Container.php(731): Illuminate/Foundation/Application->resolve('view.finder', Array)
#5 C:/Users/hmcdi/OneDrive/Documents/GITHUB/cloud_hospital_system/vendor/laravel/framework/src/Illuminate/Foundation/Application.php(971): Illuminate/Container/Container->make('view.finder', Array)
#6 C:/Users/hmcdi/OneDrive/Documents/GITHUB/cloud_hospital_system/vendor/laravel/framework/src/Illuminate/Container/Container.php(1454): Illuminate/Foundation/Application->make('view.finder')
#7 C:/Users/hmcdi/OneDrive/Documents/GITHUB/cloud_hospital_system/vendor/laravel/framework/src/Illuminate/View/ViewServiceProvider.php(45): Illuminate/Container/Container->offsetGet('view.finder')
#8 C:/Users/hmcdi/OneDrive/Documents/GITHUB/cloud_hospital_system/vendor/laravel/framework/src/Illuminate/Container/Container.php(908): Illuminate/View/ViewServiceProvider->Illuminate/View/{closure}(Object(Illuminate/Foundation/Application), Array)
#9 C:/Users/hmcdi/OneDrive/Documents/GITHUB/cloud_hospital_system/vendor/laravel/framework/src/Illuminate/Container/Container.php(795): Illuminate/Container/Container->build(Object(Closure))
#10 C:/Users/hmcdi/OneDrive/Documents/GITHUB/cloud_hospital_system/vendor/laravel/framework/src/Illuminate/Foundation/Application.php(986): Illuminate/Container/Container->resolve('view', Array, true)
#11 C:/Users/hmcdi/OneDrive/Documents/GITHUB/cloud_hospital_system/vendor/laravel/framework/src/Illuminate/Container/Container.php(731): Illuminate/Foundation/Application->resolve('view', Array)
#12 C:/Users/hmcdi/OneDrive/Documents/GITHUB/cloud_hospital_system/vendor/laravel/framework/src/Illuminate/Foundation/Application.php(971): Illuminate/Container/Container->make('view', Array)
#13 C:/Users/hmcdi/OneDrive/Documents/GITHUB/cloud_hospital_system/vendor/laravel/framework/src/Illuminate/Container/Container.php(1066): Illuminate/Foundation/Application->make('view')
#14 C:/Users/hmcdi/OneDrive/Documents/GITHUB/cloud_hospital_system/vendor/laravel/framework/src/Illuminate/Container/Container.php(982): Illuminate/Container/Container->resolveClass(Object(ReflectionParameter))
#15 C:/Users/hmcdi/OneDrive/Documents/GITHUB/cloud_hospital_system/vendor/laravel/framework/src/Illuminate/Container/Container.php(943): Illuminate/Container/Container->resolveDependencies(Array)
#16 C:/Users/hmcdi/OneDrive/Documents/GITHUB/cloud_hospital_system/vendor/laravel/framework/src/Illuminate/Container/Container.php(795): Illuminate/Container/Container->build('Illuminate//View...')
#17 C:/Users/hmcdi/OneDrive/Documents/GITHUB/cloud_hospital_system/vendor/laravel/framework/src/Illuminate/Foundation/Application.php(986): Illuminate/Container/Container->resolve('Illuminate//View...', Array, true)
#18 C:/Users/hmcdi/OneDrive/Documents/GITHUB/cloud_hospital_system/vendor/laravel/framework/src/Illuminate/Container/Container.php(731): Illuminate/Foundation/Application->resolve('Illuminate//View...', Array)
#19 C:/Users/hmcdi/OneDrive/Documents/GITHUB/cloud_hospital_system/vendor/laravel/framework/src/Illuminate/Foundation/Application.php(971): Illuminate/Container/Container->make('Illuminate//View...', Array)
#20 C:/Users/hmcdi/OneDrive/Documents/GITHUB/cloud_hospital_system/vendor/laravel/framework/src/Illuminate/Foundation/Http/Kernel.php(255): Illuminate/Foundation/Application->make('Illuminate//View...')
#21 C:/Users/hmcdi/OneDrive/Documents/GITHUB/cloud_hospital_system/vendor/laravel/framework/src/Illuminate/Foundation/Http/Kernel.php(213): Illuminate/Foundation/Http/Kernel->terminateMiddleware(Object(Illuminate/Http/Request), Object(Illuminate/Http/Response))
#22 C:/Users/hmcdi/OneDrive/Documents/GITHUB/cloud_hospital_system/public/index.php(27): Illuminate/Foundation/Http/Kernel->terminate(Object(Illuminate/Http/Request), Object(Illuminate/Http/Response))
#23 C:/Users/hmcdi/OneDrive/Documents/GITHUB/cloud_hospital_system/vendor/laravel/framework/src/Illuminate/Foundation/resources/server.php(16): require_once('C://Users//hmcdi//...')
#24 {main}
"} 
[2026-07-18 09:24:04] local.ERROR: Class "App\Http\Controllers\Controller" not found {"exception":"[object] (Error(code: 0): Class \"App\\Http\\Controllers\\Controller\" not found at C:/Users/hmcdi/OneDrive/Documents/GITHUB/cloud_hospital_system/app/Http/Controllers/DashboardController.php:11)
[stacktrace]
#0 C:/Users/hmcdi/OneDrive/Documents/GITHUB/cloud_hospital_system/vendor/composer/ClassLoader.php(576): include()
#1 C:/Users/hmcdi/OneDrive/Documents/GITHUB/cloud_hospital_system/vendor/composer/ClassLoader.php(427): Composer/Autoload/{closure}('C://Users//hmcdi//...')
#2 [internal function]: Composer/Autoload/ClassLoader->loadClass('App//Http//Contro...')
#3 C:/Users/hmcdi/OneDrive/Documents/GITHUB/cloud_hospital_system/vendor/laravel/framework/src/Illuminate/Routing/Route.php(1096): is_a('App//Http//Contro...', 'Illuminate//Rout...', true)
#4 C:/Users/hmcdi/OneDrive/Documents/GITHUB/cloud_hospital_system/vendor/laravel/framework/src/Illuminate/Routing/Route.php(1035): Illuminate/Routing/Route->controllerMiddleware()
#5 C:/Users/hmcdi/OneDrive/Documents/GITHUB/cloud_hospital_system/vendor/laravel/framework/src/Illuminate/Routing/Router.php(818): Illuminate/Routing/Route->gatherMiddleware()
#6 C:/Users/hmcdi/OneDrive/Documents/GITHUB/cloud_hospital_system/vendor/laravel/framework/src/Illuminate/Routing/Router.php(800): Illuminate/Routing/Router->gatherRouteMiddleware(Object(Illuminate/Routing/Route))
#7 C:/Users/hmcdi/OneDrive/Documents/GITHUB/cloud_hospital_system/vendor/laravel/framework/src/Illuminate/Routing/Router.php(784): Illuminate/Routing/Router->runRouteWithinStack(Object(Illuminate/Routing/Route), Object(Illuminate/Http/Request))
#8 C:/Users/hmcdi/OneDrive/Documents/GITHUB/cloud_hospital_system/vendor/laravel/framework/src/Illuminate/Routing/Router.php(748): Illuminate/Routing/Router->runRoute(Object(Illuminate/Http/Request), Object(Illuminate/Routing/Route))
#9 C:/Users/hmcdi/OneDrive/Documents/GITHUB/cloud_hospital_system/vendor/laravel/framework/src/Illuminate/Routing/Router.php(737): Illuminate/Routing/Router->dispatchToRoute(Object(Illuminate/Http/Request))
#10 C:/Users/hmcdi/OneDrive/Documents/GITHUB/cloud_hospital_system/vendor/laravel/framework/src/Illuminate/Foundation/Http/Kernel.php(200): Illuminate/Routing/Router->dispatch(Object(Illuminate/Http/Request))
#11 C:/Users/hmcdi/OneDrive/Documents/GITHUB/cloud_hospital_system/vendor/laravel/framework/src/Illuminate/Pipeline/Pipeline.php(144): Illuminate/Foundation/Http/Kernel->Illuminate/Foundation/Http/{closure}(Object(Illuminate/Http/Request))
#12 C:/Users/hmcdi/OneDrive/Documents/GITHUB/cloud_hospital_system/vendor/laravel/framework/src/Illuminate/Foundation/Http/Middleware/TransformsRequest.php(21): Illuminate/Pipeline/Pipeline->Illuminate/Pipeline/{closure}(Object(Illuminate/Http/Request))
#13 C:/Users/hmcdi/OneDrive/Documents/GITHUB/cloud_hospital_system/vendor/laravel/framework/src/Illuminate/Foundation/Http/Middleware/ConvertEmptyStringsToNull.php(31): Illuminate/Foundation/Http/Middleware/TransformsRequest->handle(Object(Illuminate/Http/Request), Object(Closure))
#14 C:/Users/hmcdi/OneDrive/Documents/GITHUB/cloud_hospital_system/vendor/laravel/framework/src/Illuminate/Pipeline/Pipeline.php(183): Illuminate/Foundation/Http/Middleware/ConvertEmptyStringsToNull->handle(Object(Illuminate/Http/Request), Object(Closure))
#15 C:/Users/hmcdi/OneDrive/Documents/GITHUB/cloud_hospital_system/vendor/laravel/framework/src/Illuminate/Foundation/Http/Middleware/TransformsRequest.php(21): Illuminate/Pipeline/Pipeline->Illuminate/Pipeline/{closure}(Object(Illuminate/Http/Request))
#16 C:/Users/hmcdi/OneDrive/Documents/GITHUB/cloud_hospital_system/vendor/laravel/framework/src/Illuminate/Foundation/Http/Middleware/TrimStrings.php(40): Illuminate/Foundation/Http/Middleware/TransformsRequest->handle(Object(Illuminate/Http/Request), Object(Closure))
#17 C:/Users/hmcdi/OneDrive/Documents/GITHUB/cloud_hospital_system/vendor/laravel/framework/src/Illuminate/Pipeline/Pipeline.php(183): Illuminate/Foundation/Http/Middleware/TrimStrings->handle(Object(Illuminate/Http/Request), Object(Closure))
#18 C:/Users/hmcdi/OneDrive/Documents/GITHUB/cloud_hospital_system/vendor/laravel/framework/src/Illuminate/Foundation/Http/Middleware/ValidatePostSize.php(27): Illuminate/Pipeline/Pipeline->Illuminate/Pipeline/{closure}(Object(Illuminate/Http/Request))
#19 C:/Users/hmcdi/OneDrive/Documents/GITHUB/cloud_hospital_system/vendor/laravel/framework/src/Illuminate/Pipeline/Pipeline.php(183): Illuminate/Foundation/Http/Middleware/ValidatePostSize->handle(Object(Illuminate/Http/Request), Object(Closure))
#20 C:/Users/hmcdi/OneDrive/Documents/GITHUB/cloud_hospital_system/vendor/laravel/framework/src/Illuminate/Http/Middleware/HandleCors.php(49): Illuminate/Pipeline/Pipeline->Illuminate/Pipeline/{closure}(Object(Illuminate/Http/Request))
#21 C:/Users/hmcdi/OneDrive/Documents/GITHUB/cloud_hospital_system/vendor/laravel/framework/src/Illuminate/Pipeline/Pipeline.php(183): Illuminate/Http/Middleware/HandleCors->handle(Object(Illuminate/Http/Request), Object(Closure))
#22 C:/Users/hmcdi/OneDrive/Documents/GITHUB/cloud_hospital_system/vendor/laravel/framework/src/Illuminate/Pipeline/Pipeline.php(119): Illuminate/Pipeline/Pipeline->Illuminate/Pipeline/{closure}(Object(Illuminate/Http/Request))
#23 C:/Users/hmcdi/OneDrive/Documents/GITHUB/cloud_hospital_system/vendor/laravel/framework/src/Illuminate/Foundation/Http/Kernel.php(175): Illuminate/Pipeline/Pipeline->then(Object(Closure))
#24 C:/Users/hmcdi/OneDrive/Documents/GITHUB/cloud_hospital_system/vendor/laravel/framework/src/Illuminate/Foundation/Http/Kernel.php(144): Illuminate/Foundation/Http/Kernel->sendRequestThroughRouter(Object(Illuminate/Http/Request))
#25 C:/Users/hmcdi/OneDrive/Documents/GITHUB/cloud_hospital_system/public/index.php(21): Illuminate/Foundation/Http/Kernel->handle(Object(Illuminate/Http/Request))
#26 C:/Users/hmcdi/OneDrive/Documents/GITHUB/cloud_hospital_system/vendor/laravel/framework/src/Illuminate/Foundation/resources/server.php(16): require_once('C://Users//hmcdi//...')
#27 {main}
"} 
[2026-07-18 09:24:07] local.ERROR: Class "App\Http\Controllers\Controller" not found {"exception":"[object] (Error(code: 0): Class \"App\\Http\\Controllers\\Controller\" not found at C:/Users/hmcdi/OneDrive/Documents/GITHUB/cloud_hospital_system/app/Http/Controllers/DashboardController.php:11)
[stacktrace]
#0 C:/Users/hmcdi/OneDrive/Documents/GITHUB/cloud_hospital_system/vendor/composer/ClassLoader.php(576): include()
#1 C:/Users/hmcdi/OneDrive/Documents/GITHUB/cloud_hospital_system/vendor/composer/ClassLoader.php(427): Composer/Autoload/{closure}('C://Users//hmcdi//...')
#2 [internal function]: Composer/Autoload/ClassLoader->loadClass('App//Http//Contro...')
#3 C:/Users/hmcdi/OneDrive/Documents/GITHUB/cloud_hospital_system/vendor/laravel/framework/src/Illuminate/Routing/Route.php(1096): is_a('App//Http//Contro...', 'Illuminate//Rout...', true)
#4 C:/Users/hmcdi/OneDrive/Documents/GITHUB/cloud_hospital_system/vendor/laravel/framework/src/Illuminate/Routing/Route.php(1035): Illuminate/Routing/Route->controllerMiddleware()
#5 C:/Users/hmcdi/OneDrive/Documents/GITHUB/cloud_hospital_system/vendor/laravel/framework/src/Illuminate/Routing/Router.php(818): Illuminate/Routing/Route->gatherMiddleware()
#6 C:/Users/hmcdi/OneDrive/Documents/GITHUB/cloud_hospital_system/vendor/laravel/framework/src/Illuminate/Routing/Router.php(800): Illuminate/Routing/Router->gatherRouteMiddleware(Object(Illuminate/Routing/Route))
#7 C:/Users/hmcdi/OneDrive/Documents/GITHUB/cloud_hospital_system/vendor/laravel/framework/src/Illuminate/Routing/Router.php(784): Illuminate/Routing/Router->runRouteWithinStack(Object(Illuminate/Routing/Route), Object(Illuminate/Http/Request))
#8 C:/Users/hmcdi/OneDrive/Documents/GITHUB/cloud_hospital_system/vendor/laravel/framework/src/Illuminate/Routing/Router.php(748): Illuminate/Routing/Router->runRoute(Object(Illuminate/Http/Request), Object(Illuminate/Routing/Route))
#9 C:/Users/hmcdi/OneDrive/Documents/GITHUB/cloud_hospital_system/vendor/laravel/framework/src/Illuminate/Routing/Router.php(737): Illuminate/Routing/Router->dispatchToRoute(Object(Illuminate/Http/Request))
#10 C:/Users/hmcdi/OneDrive/Documents/GITHUB/cloud_hospital_system/vendor/laravel/framework/src/Illuminate/Foundation/Http/Kernel.php(200): Illuminate/Routing/Router->dispatch(Object(Illuminate/Http/Request))
#11 C:/Users/hmcdi/OneDrive/Documents/GITHUB/cloud_hospital_system/vendor/laravel/framework/src/Illuminate/Pipeline/Pipeline.php(144): Illuminate/Foundation/Http/Kernel->Illuminate/Foundation/Http/{closure}(Object(Illuminate/Http/Request))
#12 C:/Users/hmcdi/OneDrive/Documents/GITHUB/cloud_hospital_system/vendor/laravel/framework/src/Illuminate/Foundation/Http/Middleware/TransformsRequest.php(21): Illuminate/Pipeline/Pipeline->Illuminate/Pipeline/{closure}(Object(Illuminate/Http/Request))
#13 C:/Users/hmcdi/OneDrive/Documents/GITHUB/cloud_hospital_system/vendor/laravel/framework/src/Illuminate/Foundation/Http/Middleware/ConvertEmptyStringsToNull.php(31): Illuminate/Foundation/Http/Middleware/TransformsRequest->handle(Object(Illuminate/Http/Request), Object(Closure))
#14 C:/Users/hmcdi/OneDrive/Documents/GITHUB/cloud_hospital_system/vendor/laravel/framework/src/Illuminate/Pipeline/Pipeline.php(183): Illuminate/Foundation/Http/Middleware/ConvertEmptyStringsToNull->handle(Object(Illuminate/Http/Request), Object(Closure))
#15 C:/Users/hmcdi/OneDrive/Documents/GITHUB/cloud_hospital_system/vendor/laravel/framework/src/Illuminate/Foundation/Http/Middleware/TransformsRequest.php(21): Illuminate/Pipeline/Pipeline->Illuminate/Pipeline/{closure}(Object(Illuminate/Http/Request))
#16 C:/Users/hmcdi/OneDrive/Documents/GITHUB/cloud_hospital_system/vendor/laravel/framework/src/Illuminate/Foundation/Http/Middleware/TrimStrings.php(40): Illuminate/Foundation/Http/Middleware/TransformsRequest->handle(Object(Illuminate/Http/Request), Object(Closure))
#17 C:/Users/hmcdi/OneDrive/Documents/GITHUB/cloud_hospital_system/vendor/laravel/framework/src/Illuminate/Pipeline/Pipeline.php(183): Illuminate/Foundation/Http/Middleware/TrimStrings->handle(Object(Illuminate/Http/Request), Object(Closure))
#18 C:/Users/hmcdi/OneDrive/Documents/GITHUB/cloud_hospital_system/vendor/laravel/framework/src/Illuminate/Foundation/Http/Middleware/ValidatePostSize.php(27): Illuminate/Pipeline/Pipeline->Illuminate/Pipeline/{closure}(Object(Illuminate/Http/Request))
#19 C:/Users/hmcdi/OneDrive/Documents/GITHUB/cloud_hospital_system/vendor/laravel/framework/src/Illuminate/Pipeline/Pipeline.php(183): Illuminate/Foundation/Http/Middleware/ValidatePostSize->handle(Object(Illuminate/Http/Request), Object(Closure))
#20 C:/Users/hmcdi/OneDrive/Documents/GITHUB/cloud_hospital_system/vendor/laravel/framework/src/Illuminate/Http/Middleware/HandleCors.php(49): Illuminate/Pipeline/Pipeline->Illuminate/Pipeline/{closure}(Object(Illuminate/Http/Request))
#21 C:/Users/hmcdi/OneDrive/Documents/GITHUB/cloud_hospital_system/vendor/laravel/framework/src/Illuminate/Pipeline/Pipeline.php(183): Illuminate/Http/Middleware/HandleCors->handle(Object(Illuminate/Http/Request), Object(Closure))
#22 C:/Users/hmcdi/OneDrive/Documents/GITHUB/cloud_hospital_system/vendor/laravel/framework/src/Illuminate/Pipeline/Pipeline.php(119): Illuminate/Pipeline/Pipeline->Illuminate/Pipeline/{closure}(Object(Illuminate/Http/Request))
#23 C:/Users/hmcdi/OneDrive/Documents/GITHUB/cloud_hospital_system/vendor/laravel/framework/src/Illuminate/Foundation/Http/Kernel.php(175): Illuminate/Pipeline/Pipeline->then(Object(Closure))
#24 C:/Users/hmcdi/OneDrive/Documents/GITHUB/cloud_hospital_system/vendor/laravel/framework/src/Illuminate/Foundation/Http/Kernel.php(144): Illuminate/Foundation/Http/Kernel->sendRequestThroughRouter(Object(Illuminate/Http/Request))
#25 C:/Users/hmcdi/OneDrive/Documents/GITHUB/cloud_hospital_system/public/index.php(21): Illuminate/Foundation/Http/Kernel->handle(Object(Illuminate/Http/Request))
#26 C:/Users/hmcdi/OneDrive/Documents/GITHUB/cloud_hospital_system/vendor/laravel/framework/src/Illuminate/Foundation/resources/server.php(16): require_once('C://Users//hmcdi//...')
#27 {main}
"} 
[2026-07-18 09:57:56] local.ERROR: Call to a member function isEmpty() on array (View: C:\Users\hmcdi\OneDrive\Documents\GITHUB\cloud_hospital_system\resources\views\dashboard.blade.php) {"userId":2,"exception":"[object] (Illuminate\\View\\ViewException(code: 0): Call to a member function isEmpty() on array (View: C:\\Users\\hmcdi\\OneDrive\\Documents\\GITHUB\\cloud_hospital_system\\resources\\views\\dashboard.blade.php) at C:/Users/hmcdi/OneDrive/Documents/GITHUB/cloud_hospital_system/storage/framework/views/254d4daac7a3493db9a9caa1a9d51b1e.php:171)
[stacktrace]
#0 C:/Users/hmcdi/OneDrive/Documents/GITHUB/cloud_hospital_system/vendor/laravel/framework/src/Illuminate/View/Engines/PhpEngine.php(60): Illuminate/View/Engines/CompilerEngine->handleViewException(Object(Error), 1)
#1 C:/Users/hmcdi/OneDrive/Documents/GITHUB/cloud_hospital_system/vendor/laravel/framework/src/Illuminate/View/Engines/CompilerEngine.php(72): Illuminate/View/Engines/PhpEngine->evaluatePath('C://Users//hmcdi//...', Array)
#2 C:/Users/hmcdi/OneDrive/Documents/GITHUB/cloud_hospital_system/vendor/laravel/framework/src/Illuminate/View/View.php(207): Illuminate/View/Engines/CompilerEngine->get('C://Users//hmcdi//...', Array)
#3 C:/Users/hmcdi/OneDrive/Documents/GITHUB/cloud_hospital_system/vendor/laravel/framework/src/Illuminate/View/View.php(190): Illuminate/View/View->getContents()
#4 C:/Users/hmcdi/OneDrive/Documents/GITHUB/cloud_hospital_system/vendor/laravel/framework/src/Illuminate/View/View.php(159): Illuminate/View/View->renderContents()
#5 C:/Users/hmcdi/OneDrive/Documents/GITHUB/cloud_hospital_system/vendor/laravel/framework/src/Illuminate/Http/Response.php(69): Illuminate/View/View->render()
#6 C:/Users/hmcdi/OneDrive/Documents/GITHUB/cloud_hospital_system/vendor/laravel/framework/src/Illuminate/Http/Response.php(35): Illuminate/Http/Response->setContent(Object(Illuminate/View/View))
#7 C:/Users/hmcdi/OneDrive/Documents/GITHUB/cloud_hospital_system/vendor/laravel/framework/src/Illuminate/Routing/Router.php(918): Illuminate/Http/Response->__construct(Object(Illuminate/View/View), 200, Array)
#8 C:/Users/hmcdi/OneDrive/Documents/GITHUB/cloud_hospital_system/vendor/laravel/framework/src/Illuminate/Routing/Router.php(885): Illuminate/Routing/Router::toResponse(Object(Illuminate/Http/Request), Object(Illuminate/View/View))
#9 C:/Users/hmcdi/OneDrive/Documents/GITHUB/cloud_hospital_system/vendor/laravel/framework/src/Illuminate/Routing/Router.php(805): Illuminate/Routing/Router->prepareResponse(Object(Illuminate/Http/Request), Object(Illuminate/View/View))
#10 C:/Users/hmcdi/OneDrive/Documents/GITHUB/cloud_hospital_system/vendor/laravel/framework/src/Illuminate/Pipeline/Pipeline.php(144): Illuminate/Routing/Router->Illuminate/Routing/{closure}(Object(Illuminate/Http/Request))
#11 C:/Users/hmcdi/OneDrive/Documents/GITHUB/cloud_hospital_system/vendor/laravel/framework/src/Illuminate/Routing/Middleware/SubstituteBindings.php(50): Illuminate/Pipeline/Pipeline->Illuminate/Pipeline/{closure}(Object(Illuminate/Http/Request))
#12 C:/Users/hmcdi/OneDrive/Documents/GITHUB/cloud_hospital_system/vendor/laravel/framework/src/Illuminate/Pipeline/Pipeline.php(183): Illuminate/Routing/Middleware/SubstituteBindings->handle(Object(Illuminate/Http/Request), Object(Closure))
#13 C:/Users/hmcdi/OneDrive/Documents/GITHUB/cloud_hospital_system/vendor/laravel/framework/src/Illuminate/Auth/Middleware/Authenticate.php(57): Illuminate/Pipeline/Pipeline->Illuminate/Pipeline/{closure}(Object(Illuminate/Http/Request))
#14 C:/Users/hmcdi/OneDrive/Documents/GITHUB/cloud_hospital_system/vendor/laravel/framework/src/Illuminate/Pipeline/Pipeline.php(183): Illuminate/Auth/Middleware/Authenticate->handle(Object(Illuminate/Http/Request), Object(Closure))
#15 C:/Users/hmcdi/OneDrive/Documents/GITHUB/cloud_hospital_system/vendor/laravel/framework/src/Illuminate/Foundation/Http/Middleware/VerifyCsrfToken.php(78): Illuminate/Pipeline/Pipeline->Illuminate/Pipeline/{closure}(Object(Illuminate/Http/Request))
#16 C:/Users/hmcdi/OneDrive/Documents/GITHUB/cloud_hospital_system/vendor/laravel/framework/src/Illuminate/Pipeline/Pipeline.php(183): Illuminate/Foundation/Http/Middleware/VerifyCsrfToken->handle(Object(Illuminate/Http/Request), Object(Closure))
#17 C:/Users/hmcdi/OneDrive/Documents/GITHUB/cloud_hospital_system/vendor/laravel/framework/src/Illuminate/View/Middleware/ShareErrorsFromSession.php(49): Illuminate/Pipeline/Pipeline->Illuminate/Pipeline/{closure}(Object(Illuminate/Http/Request))
#18 C:/Users/hmcdi/OneDrive/Documents/GITHUB/cloud_hospital_system/vendor/laravel/framework/src/Illuminate/Pipeline/Pipeline.php(183): Illuminate/View/Middleware/ShareErrorsFromSession->handle(Object(Illuminate/Http/Request), Object(Closure))
#19 C:/Users/hmcdi/OneDrive/Documents/GITHUB/cloud_hospital_system/vendor/laravel/framework/src/Illuminate/Session/Middleware/StartSession.php(121): Illuminate/Pipeline/Pipeline->Illuminate/Pipeline/{closure}(Object(Illuminate/Http/Request))
#20 C:/Users/hmcdi/OneDrive/Documents/GITHUB/cloud_hospital_system/vendor/laravel/framework/src/Illuminate/Session/Middleware/StartSession.php(64): Illuminate/Session/Middleware/StartSession->handleStatefulRequest(Object(Illuminate/Http/Request), Object(Illuminate/Session/Store), Object(Closure))
#21 C:/Users/hmcdi/OneDrive/Documents/GITHUB/cloud_hospital_system/vendor/laravel/framework/src/Illuminate/Pipeline/Pipeline.php(183): Illuminate/Session/Middleware/StartSession->handle(Object(Illuminate/Http/Request), Object(Closure))
#22 C:/Users/hmcdi/OneDrive/Documents/GITHUB/cloud_hospital_system/vendor/laravel/framework/src/Illuminate/Cookie/Middleware/AddQueuedCookiesToResponse.php(37): Illuminate/Pipeline/Pipeline->Illuminate/Pipeline/{closure}(Object(Illuminate/Http/Request))
#23 C:/Users/hmcdi/OneDrive/Documents/GITHUB/cloud_hospital_system/vendor/laravel/framework/src/Illuminate/Pipeline/Pipeline.php(183): Illuminate/Cookie/Middleware/AddQueuedCookiesToResponse->handle(Object(Illuminate/Http/Request), Object(Closure))
#24 C:/Users/hmcdi/OneDrive/Documents/GITHUB/cloud_hospital_system/vendor/laravel/framework/src/Illuminate/Cookie/Middleware/EncryptCookies.php(67): Illuminate/Pipeline/Pipeline->Illuminate/Pipeline/{closure}(Object(Illuminate/Http/Request))
#25 C:/Users/hmcdi/OneDrive/Documents/GITHUB/cloud_hospital_system/vendor/laravel/framework/src/Illuminate/Pipeline/Pipeline.php(183): Illuminate/Cookie/Middleware/EncryptCookies->handle(Object(Illuminate/Http/Request), Object(Closure))
#26 C:/Users/hmcdi/OneDrive/Documents/GITHUB/cloud_hospital_system/vendor/laravel/framework/src/Illuminate/Pipeline/Pipeline.php(119): Illuminate/Pipeline/Pipeline->Illuminate/Pipeline/{closure}(Object(Illuminate/Http/Request))
#27 C:/Users/hmcdi/OneDrive/Documents/GITHUB/cloud_hospital_system/vendor/laravel/framework/src/Illuminate/Routing/Router.php(805): Illuminate/Pipeline/Pipeline->then(Object(Closure))
#28 C:/Users/hmcdi/OneDrive/Documents/GITHUB/cloud_hospital_system/vendor/laravel/framework/src/Illuminate/Routing/Router.php(784): Illuminate/Routing/Router->runRouteWithinStack(Object(Illuminate/Routing/Route), Object(Illuminate/Http/Request))
#29 C:/Users/hmcdi/OneDrive/Documents/GITHUB/cloud_hospital_system/vendor/laravel/framework/src/Illuminate/Routing/Router.php(748): Illuminate/Routing/Router->runRoute(Object(Illuminate/Http/Request), Object(Illuminate/Routing/Route))
#30 C:/Users/hmcdi/OneDrive/Documents/GITHUB/cloud_hospital_system/vendor/laravel/framework/src/Illuminate/Routing/Router.php(737): Illuminate/Routing/Router->dispatchToRoute(Object(Illuminate/Http/Request))
#31 C:/Users/hmcdi/OneDrive/Documents/GITHUB/cloud_hospital_system/vendor/laravel/framework/src/Illuminate/Foundation/Http/Kernel.php(200): Illuminate/Routing/Router->dispatch(Object(Illuminate/Http/Request))
#32 C:/Users/hmcdi/OneDrive/Documents/GITHUB/cloud_hospital_system/vendor/laravel/framework/src/Illuminate/Pipeline/Pipeline.php(144): Illuminate/Foundation/Http/Kernel->Illuminate/Foundation/Http/{closure}(Object(Illuminate/Http/Request))
#33 C:/Users/hmcdi/OneDrive/Documents/GITHUB/cloud_hospital_system/vendor/laravel/framework/src/Illuminate/Foundation/Http/Middleware/TransformsRequest.php(21): Illuminate/Pipeline/Pipeline->Illuminate/Pipeline/{closure}(Object(Illuminate/Http/Request))
#34 C:/Users/hmcdi/OneDrive/Documents/GITHUB/cloud_hospital_system/vendor/laravel/framework/src/Illuminate/Foundation/Http/Middleware/ConvertEmptyStringsToNull.php(31): Illuminate/Foundation/Http/Middleware/TransformsRequest->handle(Object(Illuminate/Http/Request), Object(Closure))
#35 C:/Users/hmcdi/OneDrive/Documents/GITHUB/cloud_hospital_system/vendor/laravel/framework/src/Illuminate/Pipeline/Pipeline.php(183): Illuminate/Foundation/Http/Middleware/ConvertEmptyStringsToNull->handle(Object(Illuminate/Http/Request), Object(Closure))
#36 C:/Users/hmcdi/OneDrive/Documents/GITHUB/cloud_hospital_system/vendor/laravel/framework/src/Illuminate/Foundation/Http/Middleware/TransformsRequest.php(21): Illuminate/Pipeline/Pipeline->Illuminate/Pipeline/{closure}(Object(Illuminate/Http/Request))
#37 C:/Users/hmcdi/OneDrive/Documents/GITHUB/cloud_hospital_system/vendor/laravel/framework/src/Illuminate/Foundation/Http/Middleware/TrimStrings.php(40): Illuminate/Foundation/Http/Middleware/TransformsRequest->handle(Object(Illuminate/Http/Request), Object(Closure))
#38 C:/Users/hmcdi/OneDrive/Documents/GITHUB/cloud_hospital_system/vendor/laravel/framework/src/Illuminate/Pipeline/Pipeline.php(183): Illuminate/Foundation/Http/Middleware/TrimStrings->handle(Object(Illuminate/Http/Request), Object(Closure))
#39 C:/Users/hmcdi/OneDrive/Documents/GITHUB/cloud_hospital_system/vendor/laravel/framework/src/Illuminate/Foundation/Http/Middleware/ValidatePostSize.php(27): Illuminate/Pipeline/Pipeline->Illuminate/Pipeline/{closure}(Object(Illuminate/Http/Request))
#40 C:/Users/hmcdi/OneDrive/Documents/GITHUB/cloud_hospital_system/vendor/laravel/framework/src/Illuminate/Pipeline/Pipeline.php(183): Illuminate/Foundation/Http/Middleware/ValidatePostSize->handle(Object(Illuminate/Http/Request), Object(Closure))
#41 C:/Users/hmcdi/OneDrive/Documents/GITHUB/cloud_hospital_system/vendor/laravel/framework/src/Illuminate/Http/Middleware/HandleCors.php(49): Illuminate/Pipeline/Pipeline->Illuminate/Pipeline/{closure}(Object(Illuminate/Http/Request))
#42 C:/Users/hmcdi/OneDrive/Documents/GITHUB/cloud_hospital_system/vendor/laravel/framework/src/Illuminate/Pipeline/Pipeline.php(183): Illuminate/Http/Middleware/HandleCors->handle(Object(Illuminate/Http/Request), Object(Closure))
#43 C:/Users/hmcdi/OneDrive/Documents/GITHUB/cloud_hospital_system/vendor/laravel/framework/src/Illuminate/Pipeline/Pipeline.php(119): Illuminate/Pipeline/Pipeline->Illuminate/Pipeline/{closure}(Object(Illuminate/Http/Request))
#44 C:/Users/hmcdi/OneDrive/Documents/GITHUB/cloud_hospital_system/vendor/laravel/framework/src/Illuminate/Foundation/Http/Kernel.php(175): Illuminate/Pipeline/Pipeline->then(Object(Closure))
#45 C:/Users/hmcdi/OneDrive/Documents/GITHUB/cloud_hospital_system/vendor/laravel/framework/src/Illuminate/Foundation/Http/Kernel.php(144): Illuminate/Foundation/Http/Kernel->sendRequestThroughRouter(Object(Illuminate/Http/Request))
#46 C:/Users/hmcdi/OneDrive/Documents/GITHUB/cloud_hospital_system/public/index.php(21): Illuminate/Foundation/Http/Kernel->handle(Object(Illuminate/Http/Request))
#47 C:/Users/hmcdi/OneDrive/Documents/GITHUB/cloud_hospital_system/vendor/laravel/framework/src/Illuminate/Foundation/resources/server.php(16): require_once('C://Users//hmcdi//...')
#48 {main}

[previous exception] [object] (Error(code: 0): Call to a member function isEmpty() on array at C:/Users/hmcdi/OneDrive/Documents/GITHUB/cloud_hospital_system/storage/framework/views/254d4daac7a3493db9a9caa1a9d51b1e.php:171)
[stacktrace]
#0 C:/Users/hmcdi/OneDrive/Documents/GITHUB/cloud_hospital_system/vendor/laravel/framework/src/Illuminate/Filesystem/Filesystem.php(123): require()
#1 C:/Users/hmcdi/OneDrive/Documents/GITHUB/cloud_hospital_system/vendor/laravel/framework/src/Illuminate/Filesystem/Filesystem.php(124): Illuminate/Filesystem/Filesystem::Illuminate/Filesystem/{closure}()
#2 C:/Users/hmcdi/OneDrive/Documents/GITHUB/cloud_hospital_system/vendor/laravel/framework/src/Illuminate/View/Engines/PhpEngine.php(58): Illuminate/Filesystem/Filesystem->getRequire('C://Users//hmcdi//...', Array)
#3 C:/Users/hmcdi/OneDrive/Documents/GITHUB/cloud_hospital_system/vendor/laravel/framework/src/Illuminate/View/Engines/CompilerEngine.php(72): Illuminate/View/Engines/PhpEngine->evaluatePath('C://Users//hmcdi//...', Array)
#4 C:/Users/hmcdi/OneDrive/Documents/GITHUB/cloud_hospital_system/vendor/laravel/framework/src/Illuminate/View/View.php(207): Illuminate/View/Engines/CompilerEngine->get('C://Users//hmcdi//...', Array)
#5 C:/Users/hmcdi/OneDrive/Documents/GITHUB/cloud_hospital_system/vendor/laravel/framework/src/Illuminate/View/View.php(190): Illuminate/View/View->getContents()
#6 C:/Users/hmcdi/OneDrive/Documents/GITHUB/cloud_hospital_system/vendor/laravel/framework/src/Illuminate/View/View.php(159): Illuminate/View/View->renderContents()
#7 C:/Users/hmcdi/OneDrive/Documents/GITHUB/cloud_hospital_system/vendor/laravel/framework/src/Illuminate/Http/Response.php(69): Illuminate/View/View->render()
#8 C:/Users/hmcdi/OneDrive/Documents/GITHUB/cloud_hospital_system/vendor/laravel/framework/src/Illuminate/Http/Response.php(35): Illuminate/Http/Response->setContent(Object(Illuminate/View/View))
#9 C:/Users/hmcdi/OneDrive/Documents/GITHUB/cloud_hospital_system/vendor/laravel/framework/src/Illuminate/Routing/Router.php(918): Illuminate/Http/Response->__construct(Object(Illuminate/View/View), 200, Array)
#10 C:/Users/hmcdi/OneDrive/Documents/GITHUB/cloud_hospital_system/vendor/laravel/framework/src/Illuminate/Routing/Router.php(885): Illuminate/Routing/Router::toResponse(Object(Illuminate/Http/Request), Object(Illuminate/View/View))
#11 C:/Users/hmcdi/OneDrive/Documents/GITHUB/cloud_hospital_system/vendor/laravel/framework/src/Illuminate/Routing/Router.php(805): Illuminate/Routing/Router->prepareResponse(Object(Illuminate/Http/Request), Object(Illuminate/View/View))
#12 C:/Users/hmcdi/OneDrive/Documents/GITHUB/cloud_hospital_system/vendor/laravel/framework/src/Illuminate/Pipeline/Pipeline.php(144): Illuminate/Routing/Router->Illuminate/Routing/{closure}(Object(Illuminate/Http/Request))
#13 C:/Users/hmcdi/OneDrive/Documents/GITHUB/cloud_hospital_system/vendor/laravel/framework/src/Illuminate/Routing/Middleware/SubstituteBindings.php(50): Illuminate/Pipeline/Pipeline->Illuminate/Pipeline/{closure}(Object(Illuminate/Http/Request))
#14 C:/Users/hmcdi/OneDrive/Documents/GITHUB/cloud_hospital_system/vendor/laravel/framework/src/Illuminate/Pipeline/Pipeline.php(183): Illuminate/Routing/Middleware/SubstituteBindings->handle(Object(Illuminate/Http/Request), Object(Closure))
#15 C:/Users/hmcdi/OneDrive/Documents/GITHUB/cloud_hospital_system/vendor/laravel/framework/src/Illuminate/Auth/Middleware/Authenticate.php(57): Illuminate/Pipeline/Pipeline->Illuminate/Pipeline/{closure}(Object(Illuminate/Http/Request))
#16 C:/Users/hmcdi/OneDrive/Documents/GITHUB/cloud_hospital_system/vendor/laravel/framework/src/Illuminate/Pipeline/Pipeline.php(183): Illuminate/Auth/Middleware/Authenticate->handle(Object(Illuminate/Http/Request), Object(Closure))
#17 C:/Users/hmcdi/OneDrive/Documents/GITHUB/cloud_hospital_system/vendor/laravel/framework/src/Illuminate/Foundation/Http/Middleware/VerifyCsrfToken.php(78): Illuminate/Pipeline/Pipeline->Illuminate/Pipeline/{closure}(Object(Illuminate/Http/Request))
#18 C:/Users/hmcdi/OneDrive/Documents/GITHUB/cloud_hospital_system/vendor/laravel/framework/src/Illuminate/Pipeline/Pipeline.php(183): Illuminate/Foundation/Http/Middleware/VerifyCsrfToken->handle(Object(Illuminate/Http/Request), Object(Closure))
#19 C:/Users/hmcdi/OneDrive/Documents/GITHUB/cloud_hospital_system/vendor/laravel/framework/src/Illuminate/View/Middleware/ShareErrorsFromSession.php(49): Illuminate/Pipeline/Pipeline->Illuminate/Pipeline/{closure}(Object(Illuminate/Http/Request))
#20 C:/Users/hmcdi/OneDrive/Documents/GITHUB/cloud_hospital_system/vendor/laravel/framework/src/Illuminate/Pipeline/Pipeline.php(183): Illuminate/View/Middleware/ShareErrorsFromSession->handle(Object(Illuminate/Http/Request), Object(Closure))
#21 C:/Users/hmcdi/OneDrive/Documents/GITHUB/cloud_hospital_system/vendor/laravel/framework/src/Illuminate/Session/Middleware/StartSession.php(121): Illuminate/Pipeline/Pipeline->Illuminate/Pipeline/{closure}(Object(Illuminate/Http/Request))
#22 C:/Users/hmcdi/OneDrive/Documents/GITHUB/cloud_hospital_system/vendor/laravel/framework/src/Illuminate/Session/Middleware/StartSession.php(64): Illuminate/Session/Middleware/StartSession->handleStatefulRequest(Object(Illuminate/Http/Request), Object(Illuminate/Session/Store), Object(Closure))
#23 C:/Users/hmcdi/OneDrive/Documents/GITHUB/cloud_hospital_system/vendor/laravel/framework/src/Illuminate/Pipeline/Pipeline.php(183): Illuminate/Session/Middleware/StartSession->handle(Object(Illuminate/Http/Request), Object(Closure))
#24 C:/Users/hmcdi/OneDrive/Documents/GITHUB/cloud_hospital_system/vendor/laravel/framework/src/Illuminate/Cookie/Middleware/AddQueuedCookiesToResponse.php(37): Illuminate/Pipeline/Pipeline->Illuminate/Pipeline/{closure}(Object(Illuminate/Http/Request))
#25 C:/Users/hmcdi/OneDrive/Documents/GITHUB/cloud_hospital_system/vendor/laravel/framework/src/Illuminate/Pipeline/Pipeline.php(183): Illuminate/Cookie/Middleware/AddQueuedCookiesToResponse->handle(Object(Illuminate/Http/Request), Object(Closure))
#26 C:/Users/hmcdi/OneDrive/Documents/GITHUB/cloud_hospital_system/vendor/laravel/framework/src/Illuminate/Cookie/Middleware/EncryptCookies.php(67): Illuminate/Pipeline/Pipeline->Illuminate/Pipeline/{closure}(Object(Illuminate/Http/Request))
#27 C:/Users/hmcdi/OneDrive/Documents/GITHUB/cloud_hospital_system/vendor/laravel/framework/src/Illuminate/Pipeline/Pipeline.php(183): Illuminate/Cookie/Middleware/EncryptCookies->handle(Object(Illuminate/Http/Request), Object(Closure))
#28 C:/Users/hmcdi/OneDrive/Documents/GITHUB/cloud_hospital_system/vendor/laravel/framework/src/Illuminate/Pipeline/Pipeline.php(119): Illuminate/Pipeline/Pipeline->Illuminate/Pipeline/{closure}(Object(Illuminate/Http/Request))
#29 C:/Users/hmcdi/OneDrive/Documents/GITHUB/cloud_hospital_system/vendor/laravel/framework/src/Illuminate/Routing/Router.php(805): Illuminate/Pipeline/Pipeline->then(Object(Closure))
#30 C:/Users/hmcdi/OneDrive/Documents/GITHUB/cloud_hospital_system/vendor/laravel/framework/src/Illuminate/Routing/Router.php(784): Illuminate/Routing/Router->runRouteWithinStack(Object(Illuminate/Routing/Route), Object(Illuminate/Http/Request))
#31 C:/Users/hmcdi/OneDrive/Documents/GITHUB/cloud_hospital_system/vendor/laravel/framework/src/Illuminate/Routing/Router.php(748): Illuminate/Routing/Router->runRoute(Object(Illuminate/Http/Request), Object(Illuminate/Routing/Route))
#32 C:/Users/hmcdi/OneDrive/Documents/GITHUB/cloud_hospital_system/vendor/laravel/framework/src/Illuminate/Routing/Router.php(737): Illuminate/Routing/Router->dispatchToRoute(Object(Illuminate/Http/Request))
#33 C:/Users/hmcdi/OneDrive/Documents/GITHUB/cloud_hospital_system/vendor/laravel/framework/src/Illuminate/Foundation/Http/Kernel.php(200): Illuminate/Routing/Router->dispatch(Object(Illuminate/Http/Request))
#34 C:/Users/hmcdi/OneDrive/Documents/GITHUB/cloud_hospital_system/vendor/laravel/framework/src/Illuminate/Pipeline/Pipeline.php(144): Illuminate/Foundation/Http/Kernel->Illuminate/Foundation/Http/{closure}(Object(Illuminate/Http/Request))
#35 C:/Users/hmcdi/OneDrive/Documents/GITHUB/cloud_hospital_system/vendor/laravel/framework/src/Illuminate/Foundation/Http/Middleware/TransformsRequest.php(21): Illuminate/Pipeline/Pipeline->Illuminate/Pipeline/{closure}(Object(Illuminate/Http/Request))
#36 C:/Users/hmcdi/OneDrive/Documents/GITHUB/cloud_hospital_system/vendor/laravel/framework/src/Illuminate/Foundation/Http/Middleware/ConvertEmptyStringsToNull.php(31): Illuminate/Foundation/Http/Middleware/TransformsRequest->handle(Object(Illuminate/Http/Request), Object(Closure))
#37 C:/Users/hmcdi/OneDrive/Documents/GITHUB/cloud_hospital_system/vendor/laravel/framework/src/Illuminate/Pipeline/Pipeline.php(183): Illuminate/Foundation/Http/Middleware/ConvertEmptyStringsToNull->handle(Object(Illuminate/Http/Request), Object(Closure))
#38 C:/Users/hmcdi/OneDrive/Documents/GITHUB/cloud_hospital_system/vendor/laravel/framework/src/Illuminate/Foundation/Http/Middleware/TransformsRequest.php(21): Illuminate/Pipeline/Pipeline->Illuminate/Pipeline/{closure}(Object(Illuminate/Http/Request))
#39 C:/Users/hmcdi/OneDrive/Documents/GITHUB/cloud_hospital_system/vendor/laravel/framework/src/Illuminate/Foundation/Http/Middleware/TrimStrings.php(40): Illuminate/Foundation/Http/Middleware/TransformsRequest->handle(Object(Illuminate/Http/Request), Object(Closure))
#40 C:/Users/hmcdi/OneDrive/Documents/GITHUB/cloud_hospital_system/vendor/laravel/framework/src/Illuminate/Pipeline/Pipeline.php(183): Illuminate/Foundation/Http/Middleware/TrimStrings->handle(Object(Illuminate/Http/Request), Object(Closure))
#41 C:/Users/hmcdi/OneDrive/Documents/GITHUB/cloud_hospital_system/vendor/laravel/framework/src/Illuminate/Foundation/Http/Middleware/ValidatePostSize.php(27): Illuminate/Pipeline/Pipeline->Illuminate/Pipeline/{closure}(Object(Illuminate/Http/Request))
#42 C:/Users/hmcdi/OneDrive/Documents/GITHUB/cloud_hospital_system/vendor/laravel/framework/src/Illuminate/Pipeline/Pipeline.php(183): Illuminate/Foundation/Http/Middleware/ValidatePostSize->handle(Object(Illuminate/Http/Request), Object(Closure))
#43 C:/Users/hmcdi/OneDrive/Documents/GITHUB/cloud_hospital_system/vendor/laravel/framework/src/Illuminate/Http/Middleware/HandleCors.php(49): Illuminate/Pipeline/Pipeline->Illuminate/Pipeline/{closure}(Object(Illuminate/Http/Request))
#44 C:/Users/hmcdi/OneDrive/Documents/GITHUB/cloud_hospital_system/vendor/laravel/framework/src/Illuminate/Pipeline/Pipeline.php(183): Illuminate/Http/Middleware/HandleCors->handle(Object(Illuminate/Http/Request), Object(Closure))
#45 C:/Users/hmcdi/OneDrive/Documents/GITHUB/cloud_hospital_system/vendor/laravel/framework/src/Illuminate/Pipeline/Pipeline.php(119): Illuminate/Pipeline/Pipeline->Illuminate/Pipeline/{closure}(Object(Illuminate/Http/Request))
#46 C:/Users/hmcdi/OneDrive/Documents/GITHUB/cloud_hospital_system/vendor/laravel/framework/src/Illuminate/Foundation/Http/Kernel.php(175): Illuminate/Pipeline/Pipeline->then(Object(Closure))
#47 C:/Users/hmcdi/OneDrive/Documents/GITHUB/cloud_hospital_system/vendor/laravel/framework/src/Illuminate/Foundation/Http/Kernel.php(144): Illuminate/Foundation/Http/Kernel->sendRequestThroughRouter(Object(Illuminate/Http/Request))
#48 C:/Users/hmcdi/OneDrive/Documents/GITHUB/cloud_hospital_system/public/index.php(21): Illuminate/Foundation/Http/Kernel->handle(Object(Illuminate/Http/Request))
#49 C:/Users/hmcdi/OneDrive/Documents/GITHUB/cloud_hospital_system/vendor/laravel/framework/src/Illuminate/Foundation/resources/server.php(16): require_once('C://Users//hmcdi//...')
#50 {main}
"} 
[2026-07-18 09:58:28] local.ERROR: Call to a member function isEmpty() on array (View: C:\Users\hmcdi\OneDrive\Documents\GITHUB\cloud_hospital_system\resources\views\dashboard.blade.php) {"userId":2,"exception":"[object] (Illuminate\\View\\ViewException(code: 0): Call to a member function isEmpty() on array (View: C:\\Users\\hmcdi\\OneDrive\\Documents\\GITHUB\\cloud_hospital_system\\resources\\views\\dashboard.blade.php) at C:/Users/hmcdi/OneDrive/Documents/GITHUB/cloud_hospital_system/storage/framework/views/254d4daac7a3493db9a9caa1a9d51b1e.php:171)
[stacktrace]
#0 C:/Users/hmcdi/OneDrive/Documents/GITHUB/cloud_hospital_system/vendor/laravel/framework/src/Illuminate/View/Engines/PhpEngine.php(60): Illuminate/View/Engines/CompilerEngine->handleViewException(Object(Error), 1)
#1 C:/Users/hmcdi/OneDrive/Documents/GITHUB/cloud_hospital_system/vendor/laravel/framework/src/Illuminate/View/Engines/CompilerEngine.php(72): Illuminate/View/Engines/PhpEngine->evaluatePath('C://Users//hmcdi//...', Array)
#2 C:/Users/hmcdi/OneDrive/Documents/GITHUB/cloud_hospital_system/vendor/laravel/framework/src/Illuminate/View/View.php(207): Illuminate/View/Engines/CompilerEngine->get('C://Users//hmcdi//...', Array)
#3 C:/Users/hmcdi/OneDrive/Documents/GITHUB/cloud_hospital_system/vendor/laravel/framework/src/Illuminate/View/View.php(190): Illuminate/View/View->getContents()
#4 C:/Users/hmcdi/OneDrive/Documents/GITHUB/cloud_hospital_system/vendor/laravel/framework/src/Illuminate/View/View.php(159): Illuminate/View/View->renderContents()
#5 C:/Users/hmcdi/OneDrive/Documents/GITHUB/cloud_hospital_system/vendor/laravel/framework/src/Illuminate/Http/Response.php(69): Illuminate/View/View->render()
#6 C:/Users/hmcdi/OneDrive/Documents/GITHUB/cloud_hospital_system/vendor/laravel/framework/src/Illuminate/Http/Response.php(35): Illuminate/Http/Response->setContent(Object(Illuminate/View/View))
#7 C:/Users/hmcdi/OneDrive/Documents/GITHUB/cloud_hospital_system/vendor/laravel/framework/src/Illuminate/Routing/Router.php(918): Illuminate/Http/Response->__construct(Object(Illuminate/View/View), 200, Array)
#8 C:/Users/hmcdi/OneDrive/Documents/GITHUB/cloud_hospital_system/vendor/laravel/framework/src/Illuminate/Routing/Router.php(885): Illuminate/Routing/Router::toResponse(Object(Illuminate/Http/Request), Object(Illuminate/View/View))
#9 C:/Users/hmcdi/OneDrive/Documents/GITHUB/cloud_hospital_system/vendor/laravel/framework/src/Illuminate/Routing/Router.php(805): Illuminate/Routing/Router->prepareResponse(Object(Illuminate/Http/Request), Object(Illuminate/View/View))
#10 C:/Users/hmcdi/OneDrive/Documents/GITHUB/cloud_hospital_system/vendor/laravel/framework/src/Illuminate/Pipeline/Pipeline.php(144): Illuminate/Routing/Router->Illuminate/Routing/{closure}(Object(Illuminate/Http/Request))
#11 C:/Users/hmcdi/OneDrive/Documents/GITHUB/cloud_hospital_system/vendor/laravel/framework/src/Illuminate/Routing/Middleware/SubstituteBindings.php(50): Illuminate/Pipeline/Pipeline->Illuminate/Pipeline/{closure}(Object(Illuminate/Http/Request))
#12 C:/Users/hmcdi/OneDrive/Documents/GITHUB/cloud_hospital_system/vendor/laravel/framework/src/Illuminate/Pipeline/Pipeline.php(183): Illuminate/Routing/Middleware/SubstituteBindings->handle(Object(Illuminate/Http/Request), Object(Closure))
#13 C:/Users/hmcdi/OneDrive/Documents/GITHUB/cloud_hospital_system/vendor/laravel/framework/src/Illuminate/Auth/Middleware/Authenticate.php(57): Illuminate/Pipeline/Pipeline->Illuminate/Pipeline/{closure}(Object(Illuminate/Http/Request))
#14 C:/Users/hmcdi/OneDrive/Documents/GITHUB/cloud_hospital_system/vendor/laravel/framework/src/Illuminate/Pipeline/Pipeline.php(183): Illuminate/Auth/Middleware/Authenticate->handle(Object(Illuminate/Http/Request), Object(Closure))
#15 C:/Users/hmcdi/OneDrive/Documents/GITHUB/cloud_hospital_system/vendor/laravel/framework/src/Illuminate/Foundation/Http/Middleware/VerifyCsrfToken.php(78): Illuminate/Pipeline/Pipeline->Illuminate/Pipeline/{closure}(Object(Illuminate/Http/Request))
#16 C:/Users/hmcdi/OneDrive/Documents/GITHUB/cloud_hospital_system/vendor/laravel/framework/src/Illuminate/Pipeline/Pipeline.php(183): Illuminate/Foundation/Http/Middleware/VerifyCsrfToken->handle(Object(Illuminate/Http/Request), Object(Closure))
#17 C:/Users/hmcdi/OneDrive/Documents/GITHUB/cloud_hospital_system/vendor/laravel/framework/src/Illuminate/View/Middleware/ShareErrorsFromSession.php(49): Illuminate/Pipeline/Pipeline->Illuminate/Pipeline/{closure}(Object(Illuminate/Http/Request))
#18 C:/Users/hmcdi/OneDrive/Documents/GITHUB/cloud_hospital_system/vendor/laravel/framework/src/Illuminate/Pipeline/Pipeline.php(183): Illuminate/View/Middleware/ShareErrorsFromSession->handle(Object(Illuminate/Http/Request), Object(Closure))
#19 C:/Users/hmcdi/OneDrive/Documents/GITHUB/cloud_hospital_system/vendor/laravel/framework/src/Illuminate/Session/Middleware/StartSession.php(121): Illuminate/Pipeline/Pipeline->Illuminate/Pipeline/{closure}(Object(Illuminate/Http/Request))
#20 C:/Users/hmcdi/OneDrive/Documents/GITHUB/cloud_hospital_system/vendor/laravel/framework/src/Illuminate/Session/Middleware/StartSession.php(64): Illuminate/Session/Middleware/StartSession->handleStatefulRequest(Object(Illuminate/Http/Request), Object(Illuminate/Session/Store), Object(Closure))
#21 C:/Users/hmcdi/OneDrive/Documents/GITHUB/cloud_hospital_system/vendor/laravel/framework/src/Illuminate/Pipeline/Pipeline.php(183): Illuminate/Session/Middleware/StartSession->handle(Object(Illuminate/Http/Request), Object(Closure))
#22 C:/Users/hmcdi/OneDrive/Documents/GITHUB/cloud_hospital_system/vendor/laravel/framework/src/Illuminate/Cookie/Middleware/AddQueuedCookiesToResponse.php(37): Illuminate/Pipeline/Pipeline->Illuminate/Pipeline/{closure}(Object(Illuminate/Http/Request))
#23 C:/Users/hmcdi/OneDrive/Documents/GITHUB/cloud_hospital_system/vendor/laravel/framework/src/Illuminate/Pipeline/Pipeline.php(183): Illuminate/Cookie/Middleware/AddQueuedCookiesToResponse->handle(Object(Illuminate/Http/Request), Object(Closure))
#24 C:/Users/hmcdi/OneDrive/Documents/GITHUB/cloud_hospital_system/vendor/laravel/framework/src/Illuminate/Cookie/Middleware/EncryptCookies.php(67): Illuminate/Pipeline/Pipeline->Illuminate/Pipeline/{closure}(Object(Illuminate/Http/Request))
#25 C:/Users/hmcdi/OneDrive/Documents/GITHUB/cloud_hospital_system/vendor/laravel/framework/src/Illuminate/Pipeline/Pipeline.php(183): Illuminate/Cookie/Middleware/EncryptCookies->handle(Object(Illuminate/Http/Request), Object(Closure))
#26 C:/Users/hmcdi/OneDrive/Documents/GITHUB/cloud_hospital_system/vendor/laravel/framework/src/Illuminate/Pipeline/Pipeline.php(119): Illuminate/Pipeline/Pipeline->Illuminate/Pipeline/{closure}(Object(Illuminate/Http/Request))
#27 C:/Users/hmcdi/OneDrive/Documents/GITHUB/cloud_hospital_system/vendor/laravel/framework/src/Illuminate/Routing/Router.php(805): Illuminate/Pipeline/Pipeline->then(Object(Closure))
#28 C:/Users/hmcdi/OneDrive/Documents/GITHUB/cloud_hospital_system/vendor/laravel/framework/src/Illuminate/Routing/Router.php(784): Illuminate/Routing/Router->runRouteWithinStack(Object(Illuminate/Routing/Route), Object(Illuminate/Http/Request))
#29 C:/Users/hmcdi/OneDrive/Documents/GITHUB/cloud_hospital_system/vendor/laravel/framework/src/Illuminate/Routing/Router.php(748): Illuminate/Routing/Router->runRoute(Object(Illuminate/Http/Request), Object(Illuminate/Routing/Route))
#30 C:/Users/hmcdi/OneDrive/Documents/GITHUB/cloud_hospital_system/vendor/laravel/framework/src/Illuminate/Routing/Router.php(737): Illuminate/Routing/Router->dispatchToRoute(Object(Illuminate/Http/Request))
#31 C:/Users/hmcdi/OneDrive/Documents/GITHUB/cloud_hospital_system/vendor/laravel/framework/src/Illuminate/Foundation/Http/Kernel.php(200): Illuminate/Routing/Router->dispatch(Object(Illuminate/Http/Request))
#32 C:/Users/hmcdi/OneDrive/Documents/GITHUB/cloud_hospital_system/vendor/laravel/framework/src/Illuminate/Pipeline/Pipeline.php(144): Illuminate/Foundation/Http/Kernel->Illuminate/Foundation/Http/{closure}(Object(Illuminate/Http/Request))
#33 C:/Users/hmcdi/OneDrive/Documents/GITHUB/cloud_hospital_system/vendor/laravel/framework/src/Illuminate/Foundation/Http/Middleware/TransformsRequest.php(21): Illuminate/Pipeline/Pipeline->Illuminate/Pipeline/{closure}(Object(Illuminate/Http/Request))
#34 C:/Users/hmcdi/OneDrive/Documents/GITHUB/cloud_hospital_system/vendor/laravel/framework/src/Illuminate/Foundation/Http/Middleware/ConvertEmptyStringsToNull.php(31): Illuminate/Foundation/Http/Middleware/TransformsRequest->handle(Object(Illuminate/Http/Request), Object(Closure))
#35 C:/Users/hmcdi/OneDrive/Documents/GITHUB/cloud_hospital_system/vendor/laravel/framework/src/Illuminate/Pipeline/Pipeline.php(183): Illuminate/Foundation/Http/Middleware/ConvertEmptyStringsToNull->handle(Object(Illuminate/Http/Request), Object(Closure))
#36 C:/Users/hmcdi/OneDrive/Documents/GITHUB/cloud_hospital_system/vendor/laravel/framework/src/Illuminate/Foundation/Http/Middleware/TransformsRequest.php(21): Illuminate/Pipeline/Pipeline->Illuminate/Pipeline/{closure}(Object(Illuminate/Http/Request))
#37 C:/Users/hmcdi/OneDrive/Documents/GITHUB/cloud_hospital_system/vendor/laravel/framework/src/Illuminate/Foundation/Http/Middleware/TrimStrings.php(40): Illuminate/Foundation/Http/Middleware/TransformsRequest->handle(Object(Illuminate/Http/Request), Object(Closure))
#38 C:/Users/hmcdi/OneDrive/Documents/GITHUB/cloud_hospital_system/vendor/laravel/framework/src/Illuminate/Pipeline/Pipeline.php(183): Illuminate/Foundation/Http/Middleware/TrimStrings->handle(Object(Illuminate/Http/Request), Object(Closure))
#39 C:/Users/hmcdi/OneDrive/Documents/GITHUB/cloud_hospital_system/vendor/laravel/framework/src/Illuminate/Foundation/Http/Middleware/ValidatePostSize.php(27): Illuminate/Pipeline/Pipeline->Illuminate/Pipeline/{closure}(Object(Illuminate/Http/Request))
#40 C:/Users/hmcdi/OneDrive/Documents/GITHUB/cloud_hospital_system/vendor/laravel/framework/src/Illuminate/Pipeline/Pipeline.php(183): Illuminate/Foundation/Http/Middleware/ValidatePostSize->handle(Object(Illuminate/Http/Request), Object(Closure))
#41 C:/Users/hmcdi/OneDrive/Documents/GITHUB/cloud_hospital_system/vendor/laravel/framework/src/Illuminate/Http/Middleware/HandleCors.php(49): Illuminate/Pipeline/Pipeline->Illuminate/Pipeline/{closure}(Object(Illuminate/Http/Request))
#42 C:/Users/hmcdi/OneDrive/Documents/GITHUB/cloud_hospital_system/vendor/laravel/framework/src/Illuminate/Pipeline/Pipeline.php(183): Illuminate/Http/Middleware/HandleCors->handle(Object(Illuminate/Http/Request), Object(Closure))
#43 C:/Users/hmcdi/OneDrive/Documents/GITHUB/cloud_hospital_system/vendor/laravel/framework/src/Illuminate/Pipeline/Pipeline.php(119): Illuminate/Pipeline/Pipeline->Illuminate/Pipeline/{closure}(Object(Illuminate/Http/Request))
#44 C:/Users/hmcdi/OneDrive/Documents/GITHUB/cloud_hospital_system/vendor/laravel/framework/src/Illuminate/Foundation/Http/Kernel.php(175): Illuminate/Pipeline/Pipeline->then(Object(Closure))
#45 C:/Users/hmcdi/OneDrive/Documents/GITHUB/cloud_hospital_system/vendor/laravel/framework/src/Illuminate/Foundation/Http/Kernel.php(144): Illuminate/Foundation/Http/Kernel->sendRequestThroughRouter(Object(Illuminate/Http/Request))
#46 C:/Users/hmcdi/OneDrive/Documents/GITHUB/cloud_hospital_system/public/index.php(21): Illuminate/Foundation/Http/Kernel->handle(Object(Illuminate/Http/Request))
#47 C:/Users/hmcdi/OneDrive/Documents/GITHUB/cloud_hospital_system/vendor/laravel/framework/src/Illuminate/Foundation/resources/server.php(16): require_once('C://Users//hmcdi//...')
#48 {main}

[previous exception] [object] (Error(code: 0): Call to a member function isEmpty() on array at C:/Users/hmcdi/OneDrive/Documents/GITHUB/cloud_hospital_system/storage/framework/views/254d4daac7a3493db9a9caa1a9d51b1e.php:171)
[stacktrace]
#0 C:/Users/hmcdi/OneDrive/Documents/GITHUB/cloud_hospital_system/vendor/laravel/framework/src/Illuminate/Filesystem/Filesystem.php(123): require()
#1 C:/Users/hmcdi/OneDrive/Documents/GITHUB/cloud_hospital_system/vendor/laravel/framework/src/Illuminate/Filesystem/Filesystem.php(124): Illuminate/Filesystem/Filesystem::Illuminate/Filesystem/{closure}()
#2 C:/Users/hmcdi/OneDrive/Documents/GITHUB/cloud_hospital_system/vendor/laravel/framework/src/Illuminate/View/Engines/PhpEngine.php(58): Illuminate/Filesystem/Filesystem->getRequire('C://Users//hmcdi//...', Array)
#3 C:/Users/hmcdi/OneDrive/Documents/GITHUB/cloud_hospital_system/vendor/laravel/framework/src/Illuminate/View/Engines/CompilerEngine.php(72): Illuminate/View/Engines/PhpEngine->evaluatePath('C://Users//hmcdi//...', Array)
#4 C:/Users/hmcdi/OneDrive/Documents/GITHUB/cloud_hospital_system/vendor/laravel/framework/src/Illuminate/View/View.php(207): Illuminate/View/Engines/CompilerEngine->get('C://Users//hmcdi//...', Array)
#5 C:/Users/hmcdi/OneDrive/Documents/GITHUB/cloud_hospital_system/vendor/laravel/framework/src/Illuminate/View/View.php(190): Illuminate/View/View->getContents()
#6 C:/Users/hmcdi/OneDrive/Documents/GITHUB/cloud_hospital_system/vendor/laravel/framework/src/Illuminate/View/View.php(159): Illuminate/View/View->renderContents()
#7 C:/Users/hmcdi/OneDrive/Documents/GITHUB/cloud_hospital_system/vendor/laravel/framework/src/Illuminate/Http/Response.php(69): Illuminate/View/View->render()
#8 C:/Users/hmcdi/OneDrive/Documents/GITHUB/cloud_hospital_system/vendor/laravel/framework/src/Illuminate/Http/Response.php(35): Illuminate/Http/Response->setContent(Object(Illuminate/View/View))
#9 C:/Users/hmcdi/OneDrive/Documents/GITHUB/cloud_hospital_system/vendor/laravel/framework/src/Illuminate/Routing/Router.php(918): Illuminate/Http/Response->__construct(Object(Illuminate/View/View), 200, Array)
#10 C:/Users/hmcdi/OneDrive/Documents/GITHUB/cloud_hospital_system/vendor/laravel/framework/src/Illuminate/Routing/Router.php(885): Illuminate/Routing/Router::toResponse(Object(Illuminate/Http/Request), Object(Illuminate/View/View))
#11 C:/Users/hmcdi/OneDrive/Documents/GITHUB/cloud_hospital_system/vendor/laravel/framework/src/Illuminate/Routing/Router.php(805): Illuminate/Routing/Router->prepareResponse(Object(Illuminate/Http/Request), Object(Illuminate/View/View))
#12 C:/Users/hmcdi/OneDrive/Documents/GITHUB/cloud_hospital_system/vendor/laravel/framework/src/Illuminate/Pipeline/Pipeline.php(144): Illuminate/Routing/Router->Illuminate/Routing/{closure}(Object(Illuminate/Http/Request))
#13 C:/Users/hmcdi/OneDrive/Documents/GITHUB/cloud_hospital_system/vendor/laravel/framework/src/Illuminate/Routing/Middleware/SubstituteBindings.php(50): Illuminate/Pipeline/Pipeline->Illuminate/Pipeline/{closure}(Object(Illuminate/Http/Request))
#14 C:/Users/hmcdi/OneDrive/Documents/GITHUB/cloud_hospital_system/vendor/laravel/framework/src/Illuminate/Pipeline/Pipeline.php(183): Illuminate/Routing/Middleware/SubstituteBindings->handle(Object(Illuminate/Http/Request), Object(Closure))
#15 C:/Users/hmcdi/OneDrive/Documents/GITHUB/cloud_hospital_system/vendor/laravel/framework/src/Illuminate/Auth/Middleware/Authenticate.php(57): Illuminate/Pipeline/Pipeline->Illuminate/Pipeline/{closure}(Object(Illuminate/Http/Request))
#16 C:/Users/hmcdi/OneDrive/Documents/GITHUB/cloud_hospital_system/vendor/laravel/framework/src/Illuminate/Pipeline/Pipeline.php(183): Illuminate/Auth/Middleware/Authenticate->handle(Object(Illuminate/Http/Request), Object(Closure))
#17 C:/Users/hmcdi/OneDrive/Documents/GITHUB/cloud_hospital_system/vendor/laravel/framework/src/Illuminate/Foundation/Http/Middleware/VerifyCsrfToken.php(78): Illuminate/Pipeline/Pipeline->Illuminate/Pipeline/{closure}(Object(Illuminate/Http/Request))
#18 C:/Users/hmcdi/OneDrive/Documents/GITHUB/cloud_hospital_system/vendor/laravel/framework/src/Illuminate/Pipeline/Pipeline.php(183): Illuminate/Foundation/Http/Middleware/VerifyCsrfToken->handle(Object(Illuminate/Http/Request), Object(Closure))
#19 C:/Users/hmcdi/OneDrive/Documents/GITHUB/cloud_hospital_system/vendor/laravel/framework/src/Illuminate/View/Middleware/ShareErrorsFromSession.php(49): Illuminate/Pipeline/Pipeline->Illuminate/Pipeline/{closure}(Object(Illuminate/Http/Request))
#20 C:/Users/hmcdi/OneDrive/Documents/GITHUB/cloud_hospital_system/vendor/laravel/framework/src/Illuminate/Pipeline/Pipeline.php(183): Illuminate/View/Middleware/ShareErrorsFromSession->handle(Object(Illuminate/Http/Request), Object(Closure))
#21 C:/Users/hmcdi/OneDrive/Documents/GITHUB/cloud_hospital_system/vendor/laravel/framework/src/Illuminate/Session/Middleware/StartSession.php(121): Illuminate/Pipeline/Pipeline->Illuminate/Pipeline/{closure}(Object(Illuminate/Http/Request))
#22 C:/Users/hmcdi/OneDrive/Documents/GITHUB/cloud_hospital_system/vendor/laravel/framework/src/Illuminate/Session/Middleware/StartSession.php(64): Illuminate/Session/Middleware/StartSession->handleStatefulRequest(Object(Illuminate/Http/Request), Object(Illuminate/Session/Store), Object(Closure))
#23 C:/Users/hmcdi/OneDrive/Documents/GITHUB/cloud_hospital_system/vendor/laravel/framework/src/Illuminate/Pipeline/Pipeline.php(183): Illuminate/Session/Middleware/StartSession->handle(Object(Illuminate/Http/Request), Object(Closure))
#24 C:/Users/hmcdi/OneDrive/Documents/GITHUB/cloud_hospital_system/vendor/laravel/framework/src/Illuminate/Cookie/Middleware/AddQueuedCookiesToResponse.php(37): Illuminate/Pipeline/Pipeline->Illuminate/Pipeline/{closure}(Object(Illuminate/Http/Request))
#25 C:/Users/hmcdi/OneDrive/Documents/GITHUB/cloud_hospital_system/vendor/laravel/framework/src/Illuminate/Pipeline/Pipeline.php(183): Illuminate/Cookie/Middleware/AddQueuedCookiesToResponse->handle(Object(Illuminate/Http/Request), Object(Closure))
#26 C:/Users/hmcdi/OneDrive/Documents/GITHUB/cloud_hospital_system/vendor/laravel/framework/src/Illuminate/Cookie/Middleware/EncryptCookies.php(67): Illuminate/Pipeline/Pipeline->Illuminate/Pipeline/{closure}(Object(Illuminate/Http/Request))
#27 C:/Users/hmcdi/OneDrive/Documents/GITHUB/cloud_hospital_system/vendor/laravel/framework/src/Illuminate/Pipeline/Pipeline.php(183): Illuminate/Cookie/Middleware/EncryptCookies->handle(Object(Illuminate/Http/Request), Object(Closure))
#28 C:/Users/hmcdi/OneDrive/Documents/GITHUB/cloud_hospital_system/vendor/laravel/framework/src/Illuminate/Pipeline/Pipeline.php(119): Illuminate/Pipeline/Pipeline->Illuminate/Pipeline/{closure}(Object(Illuminate/Http/Request))
#29 C:/Users/hmcdi/OneDrive/Documents/GITHUB/cloud_hospital_system/vendor/laravel/framework/src/Illuminate/Routing/Router.php(805): Illuminate/Pipeline/Pipeline->then(Object(Closure))
#30 C:/Users/hmcdi/OneDrive/Documents/GITHUB/cloud_hospital_system/vendor/laravel/framework/src/Illuminate/Routing/Router.php(784): Illuminate/Routing/Router->runRouteWithinStack(Object(Illuminate/Routing/Route), Object(Illuminate/Http/Request))
#31 C:/Users/hmcdi/OneDrive/Documents/GITHUB/cloud_hospital_system/vendor/laravel/framework/src/Illuminate/Routing/Router.php(748): Illuminate/Routing/Router->runRoute(Object(Illuminate/Http/Request), Object(Illuminate/Routing/Route))
#32 C:/Users/hmcdi/OneDrive/Documents/GITHUB/cloud_hospital_system/vendor/laravel/framework/src/Illuminate/Routing/Router.php(737): Illuminate/Routing/Router->dispatchToRoute(Object(Illuminate/Http/Request))
#33 C:/Users/hmcdi/OneDrive/Documents/GITHUB/cloud_hospital_system/vendor/laravel/framework/src/Illuminate/Foundation/Http/Kernel.php(200): Illuminate/Routing/Router->dispatch(Object(Illuminate/Http/Request))
#34 C:/Users/hmcdi/OneDrive/Documents/GITHUB/cloud_hospital_system/vendor/laravel/framework/src/Illuminate/Pipeline/Pipeline.php(144): Illuminate/Foundation/Http/Kernel->Illuminate/Foundation/Http/{closure}(Object(Illuminate/Http/Request))
#35 C:/Users/hmcdi/OneDrive/Documents/GITHUB/cloud_hospital_system/vendor/laravel/framework/src/Illuminate/Foundation/Http/Middleware/TransformsRequest.php(21): Illuminate/Pipeline/Pipeline->Illuminate/Pipeline/{closure}(Object(Illuminate/Http/Request))
#36 C:/Users/hmcdi/OneDrive/Documents/GITHUB/cloud_hospital_system/vendor/laravel/framework/src/Illuminate/Foundation/Http/Middleware/ConvertEmptyStringsToNull.php(31): Illuminate/Foundation/Http/Middleware/TransformsRequest->handle(Object(Illuminate/Http/Request), Object(Closure))
#37 C:/Users/hmcdi/OneDrive/Documents/GITHUB/cloud_hospital_system/vendor/laravel/framework/src/Illuminate/Pipeline/Pipeline.php(183): Illuminate/Foundation/Http/Middleware/ConvertEmptyStringsToNull->handle(Object(Illuminate/Http/Request), Object(Closure))
#38 C:/Users/hmcdi/OneDrive/Documents/GITHUB/cloud_hospital_system/vendor/laravel/framework/src/Illuminate/Foundation/Http/Middleware/TransformsRequest.php(21): Illuminate/Pipeline/Pipeline->Illuminate/Pipeline/{closure}(Object(Illuminate/Http/Request))
#39 C:/Users/hmcdi/OneDrive/Documents/GITHUB/cloud_hospital_system/vendor/laravel/framework/src/Illuminate/Foundation/Http/Middleware/TrimStrings.php(40): Illuminate/Foundation/Http/Middleware/TransformsRequest->handle(Object(Illuminate/Http/Request), Object(Closure))
#40 C:/Users/hmcdi/OneDrive/Documents/GITHUB/cloud_hospital_system/vendor/laravel/framework/src/Illuminate/Pipeline/Pipeline.php(183): Illuminate/Foundation/Http/Middleware/TrimStrings->handle(Object(Illuminate/Http/Request), Object(Closure))
#41 C:/Users/hmcdi/OneDrive/Documents/GITHUB/cloud_hospital_system/vendor/laravel/framework/src/Illuminate/Foundation/Http/Middleware/ValidatePostSize.php(27): Illuminate/Pipeline/Pipeline->Illuminate/Pipeline/{closure}(Object(Illuminate/Http/Request))
#42 C:/Users/hmcdi/OneDrive/Documents/GITHUB/cloud_hospital_system/vendor/laravel/framework/src/Illuminate/Pipeline/Pipeline.php(183): Illuminate/Foundation/Http/Middleware/ValidatePostSize->handle(Object(Illuminate/Http/Request), Object(Closure))
#43 C:/Users/hmcdi/OneDrive/Documents/GITHUB/cloud_hospital_system/vendor/laravel/framework/src/Illuminate/Http/Middleware/HandleCors.php(49): Illuminate/Pipeline/Pipeline->Illuminate/Pipeline/{closure}(Object(Illuminate/Http/Request))
#44 C:/Users/hmcdi/OneDrive/Documents/GITHUB/cloud_hospital_system/vendor/laravel/framework/src/Illuminate/Pipeline/Pipeline.php(183): Illuminate/Http/Middleware/HandleCors->handle(Object(Illuminate/Http/Request), Object(Closure))
#45 C:/Users/hmcdi/OneDrive/Documents/GITHUB/cloud_hospital_system/vendor/laravel/framework/src/Illuminate/Pipeline/Pipeline.php(119): Illuminate/Pipeline/Pipeline->Illuminate/Pipeline/{closure}(Object(Illuminate/Http/Request))
#46 C:/Users/hmcdi/OneDrive/Documents/GITHUB/cloud_hospital_system/vendor/laravel/framework/src/Illuminate/Foundation/Http/Kernel.php(175): Illuminate/Pipeline/Pipeline->then(Object(Closure))
#47 C:/Users/hmcdi/OneDrive/Documents/GITHUB/cloud_hospital_system/vendor/laravel/framework/src/Illuminate/Foundation/Http/Kernel.php(144): Illuminate/Foundation/Http/Kernel->sendRequestThroughRouter(Object(Illuminate/Http/Request))
#48 C:/Users/hmcdi/OneDrive/Documents/GITHUB/cloud_hospital_system/public/index.php(21): Illuminate/Foundation/Http/Kernel->handle(Object(Illuminate/Http/Request))
#49 C:/Users/hmcdi/OneDrive/Documents/GITHUB/cloud_hospital_system/vendor/laravel/framework/src/Illuminate/Foundation/resources/server.php(16): require_once('C://Users//hmcdi//...')
#50 {main}
"} 
[2026-07-18 13:03:37] local.ERROR: SQLSTATE[HY000] [1045] Access denied for user 'root'@'localhost' (using password: NO) (Connection: mysql, SQL: select table_name as `name`, (data_length + index_length) as `size`, table_comment as `comment`, engine as `engine`, table_collation as `collation` from information_schema.tables where table_schema = 'hospital_management' and table_type in ('BASE TABLE', 'SYSTEM VERSIONED') order by table_name) {"exception":"[object] (Illuminate\\Database\\QueryException(code: 1045): SQLSTATE[HY000] [1045] Access denied for user 'root'@'localhost' (using password: NO) (Connection: mysql, SQL: select table_name as `name`, (data_length + index_length) as `size`, table_comment as `comment`, engine as `engine`, table_collation as `collation` from information_schema.tables where table_schema = 'hospital_management' and table_type in ('BASE TABLE', 'SYSTEM VERSIONED') order by table_name) at E:/Hospital system cloud/SL-medicare/vendor/laravel/framework/src/Illuminate/Database/Connection.php:829)
[stacktrace]
#0 E:/Hospital system cloud/SL-medicare/vendor/laravel/framework/src/Illuminate/Database/Connection.php(783): Illuminate/Database/Connection->runQueryCallback()
#1 E:/Hospital system cloud/SL-medicare/vendor/laravel/framework/src/Illuminate/Database/Connection.php(414): Illuminate/Database/Connection->run()
#2 E:/Hospital system cloud/SL-medicare/vendor/laravel/framework/src/Illuminate/Database/Connection.php(401): Illuminate/Database/Connection->select()
#3 E:/Hospital system cloud/SL-medicare/vendor/laravel/framework/src/Illuminate/Database/Schema/MySqlBuilder.php(41): Illuminate/Database/Connection->selectFromWriteConnection()
#4 E:/Hospital system cloud/SL-medicare/vendor/laravel/framework/src/Illuminate/Database/Schema/Builder.php(165): Illuminate/Database/Schema/MySqlBuilder->getTables()
#5 E:/Hospital system cloud/SL-medicare/vendor/laravel/framework/src/Illuminate/Database/Migrations/DatabaseMigrationRepository.php(184): Illuminate/Database/Schema/Builder->hasTable()
#6 E:/Hospital system cloud/SL-medicare/vendor/laravel/framework/src/Illuminate/Database/Migrations/Migrator.php(727): Illuminate/Database/Migrations/DatabaseMigrationRepository->repositoryExists()
#7 E:/Hospital system cloud/SL-medicare/vendor/laravel/framework/src/Illuminate/Database/Console/Migrations/MigrateCommand.php(140): Illuminate/Database/Migrations/Migrator->repositoryExists()
#8 E:/Hospital system cloud/SL-medicare/vendor/laravel/framework/src/Illuminate/Support/helpers.php(261): Illuminate/Database/Console/Migrations/MigrateCommand->Illuminate/Database/Console/Migrations/{closure}()
#9 E:/Hospital system cloud/SL-medicare/vendor/laravel/framework/src/Illuminate/Database/Console/Migrations/MigrateCommand.php(140): retry()
#10 E:/Hospital system cloud/SL-medicare/vendor/laravel/framework/src/Illuminate/Database/Console/Migrations/MigrateCommand.php(116): Illuminate/Database/Console/Migrations/MigrateCommand->repositoryExists()
#11 E:/Hospital system cloud/SL-medicare/vendor/laravel/framework/src/Illuminate/Database/Console/Migrations/MigrateCommand.php(84): Illuminate/Database/Console/Migrations/MigrateCommand->prepareDatabase()
#12 E:/Hospital system cloud/SL-medicare/vendor/laravel/framework/src/Illuminate/Database/Migrations/Migrator.php(641): Illuminate/Database/Console/Migrations/MigrateCommand->Illuminate/Database/Console/Migrations/{closure}()
#13 E:/Hospital system cloud/SL-medicare/vendor/laravel/framework/src/Illuminate/Database/Console/Migrations/MigrateCommand.php(83): Illuminate/Database/Migrations/Migrator->usingConnection()
#14 E:/Hospital system cloud/SL-medicare/vendor/laravel/framework/src/Illuminate/Container/BoundMethod.php(36): Illuminate/Database/Console/Migrations/MigrateCommand->handle()
#15 E:/Hospital system cloud/SL-medicare/vendor/laravel/framework/src/Illuminate/Container/Util.php(41): Illuminate/Container/BoundMethod::Illuminate/Container/{closure}()
#16 E:/Hospital system cloud/SL-medicare/vendor/laravel/framework/src/Illuminate/Container/BoundMethod.php(93): Illuminate/Container/Util::unwrapIfClosure()
#17 E:/Hospital system cloud/SL-medicare/vendor/laravel/framework/src/Illuminate/Container/BoundMethod.php(35): Illuminate/Container/BoundMethod::callBoundMethod()
#18 E:/Hospital system cloud/SL-medicare/vendor/laravel/framework/src/Illuminate/Container/Container.php(662): Illuminate/Container/BoundMethod::call()
#19 E:/Hospital system cloud/SL-medicare/vendor/laravel/framework/src/Illuminate/Console/Command.php(211): Illuminate/Container/Container->call()
#20 E:/Hospital system cloud/SL-medicare/vendor/symfony/console/Command/Command.php(326): Illuminate/Console/Command->execute()
#21 E:/Hospital system cloud/SL-medicare/vendor/laravel/framework/src/Illuminate/Console/Command.php(180): Symfony/Component/Console/Command/Command->run()
#22 E:/Hospital system cloud/SL-medicare/vendor/symfony/console/Application.php(1121): Illuminate/Console/Command->run()
#23 E:/Hospital system cloud/SL-medicare/vendor/symfony/console/Application.php(324): Symfony/Component/Console/Application->doRunCommand()
#24 E:/Hospital system cloud/SL-medicare/vendor/symfony/console/Application.php(175): Symfony/Component/Console/Application->doRun()
#25 E:/Hospital system cloud/SL-medicare/vendor/laravel/framework/src/Illuminate/Foundation/Console/Kernel.php(201): Symfony/Component/Console/Application->run()
#26 E:/Hospital system cloud/SL-medicare/artisan(35): Illuminate/Foundation/Console/Kernel->handle()
#27 {main}

[previous exception] [object] (PDOException(code: 1045): SQLSTATE[HY000] [1045] Access denied for user 'root'@'localhost' (using password: NO) at E:/Hospital system cloud/SL-medicare/vendor/laravel/framework/src/Illuminate/Database/Connectors/Connector.php:65)
[stacktrace]
#0 E:/Hospital system cloud/SL-medicare/vendor/laravel/framework/src/Illuminate/Database/Connectors/Connector.php(65): PDO->__construct()
#1 E:/Hospital system cloud/SL-medicare/vendor/laravel/framework/src/Illuminate/Database/Connectors/Connector.php(44): Illuminate/Database/Connectors/Connector->createPdoConnection()
#2 E:/Hospital system cloud/SL-medicare/vendor/laravel/framework/src/Illuminate/Database/Connectors/MySqlConnector.php(24): Illuminate/Database/Connectors/Connector->createConnection()
#3 E:/Hospital system cloud/SL-medicare/vendor/laravel/framework/src/Illuminate/Database/Connectors/ConnectionFactory.php(184): Illuminate/Database/Connectors/MySqlConnector->connect()
#4 [internal function]: Illuminate/Database/Connectors/ConnectionFactory->Illuminate/Database/Connectors/{closure}()
#5 E:/Hospital system cloud/SL-medicare/vendor/laravel/framework/src/Illuminate/Database/Connection.php(1339): call_user_func()
#6 E:/Hospital system cloud/SL-medicare/vendor/laravel/framework/src/Illuminate/Database/Connection.php(528): Illuminate/Database/Connection->getPdo()
#7 E:/Hospital system cloud/SL-medicare/vendor/laravel/framework/src/Illuminate/Database/Connection.php(423): Illuminate/Database/Connection->getPdoForSelect()
#8 E:/Hospital system cloud/SL-medicare/vendor/laravel/framework/src/Illuminate/Database/Connection.php(816): Illuminate/Database/Connection->Illuminate/Database/{closure}()
#9 E:/Hospital system cloud/SL-medicare/vendor/laravel/framework/src/Illuminate/Database/Connection.php(783): Illuminate/Database/Connection->runQueryCallback()
#10 E:/Hospital system cloud/SL-medicare/vendor/laravel/framework/src/Illuminate/Database/Connection.php(414): Illuminate/Database/Connection->run()
#11 E:/Hospital system cloud/SL-medicare/vendor/laravel/framework/src/Illuminate/Database/Connection.php(401): Illuminate/Database/Connection->select()
#12 E:/Hospital system cloud/SL-medicare/vendor/laravel/framework/src/Illuminate/Database/Schema/MySqlBuilder.php(41): Illuminate/Database/Connection->selectFromWriteConnection()
#13 E:/Hospital system cloud/SL-medicare/vendor/laravel/framework/src/Illuminate/Database/Schema/Builder.php(165): Illuminate/Database/Schema/MySqlBuilder->getTables()
#14 E:/Hospital system cloud/SL-medicare/vendor/laravel/framework/src/Illuminate/Database/Migrations/DatabaseMigrationRepository.php(184): Illuminate/Database/Schema/Builder->hasTable()
#15 E:/Hospital system cloud/SL-medicare/vendor/laravel/framework/src/Illuminate/Database/Migrations/Migrator.php(727): Illuminate/Database/Migrations/DatabaseMigrationRepository->repositoryExists()
#16 E:/Hospital system cloud/SL-medicare/vendor/laravel/framework/src/Illuminate/Database/Console/Migrations/MigrateCommand.php(140): Illuminate/Database/Migrations/Migrator->repositoryExists()
#17 E:/Hospital system cloud/SL-medicare/vendor/laravel/framework/src/Illuminate/Support/helpers.php(261): Illuminate/Database/Console/Migrations/MigrateCommand->Illuminate/Database/Console/Migrations/{closure}()
#18 E:/Hospital system cloud/SL-medicare/vendor/laravel/framework/src/Illuminate/Database/Console/Migrations/MigrateCommand.php(140): retry()
#19 E:/Hospital system cloud/SL-medicare/vendor/laravel/framework/src/Illuminate/Database/Console/Migrations/MigrateCommand.php(116): Illuminate/Database/Console/Migrations/MigrateCommand->repositoryExists()
#20 E:/Hospital system cloud/SL-medicare/vendor/laravel/framework/src/Illuminate/Database/Console/Migrations/MigrateCommand.php(84): Illuminate/Database/Console/Migrations/MigrateCommand->prepareDatabase()
#21 E:/Hospital system cloud/SL-medicare/vendor/laravel/framework/src/Illuminate/Database/Migrations/Migrator.php(641): Illuminate/Database/Console/Migrations/MigrateCommand->Illuminate/Database/Console/Migrations/{closure}()
#22 E:/Hospital system cloud/SL-medicare/vendor/laravel/framework/src/Illuminate/Database/Console/Migrations/MigrateCommand.php(83): Illuminate/Database/Migrations/Migrator->usingConnection()
#23 E:/Hospital system cloud/SL-medicare/vendor/laravel/framework/src/Illuminate/Container/BoundMethod.php(36): Illuminate/Database/Console/Migrations/MigrateCommand->handle()
#24 E:/Hospital system cloud/SL-medicare/vendor/laravel/framework/src/Illuminate/Container/Util.php(41): Illuminate/Container/BoundMethod::Illuminate/Container/{closure}()
#25 E:/Hospital system cloud/SL-medicare/vendor/laravel/framework/src/Illuminate/Container/BoundMethod.php(93): Illuminate/Container/Util::unwrapIfClosure()
#26 E:/Hospital system cloud/SL-medicare/vendor/laravel/framework/src/Illuminate/Container/BoundMethod.php(35): Illuminate/Container/BoundMethod::callBoundMethod()
#27 E:/Hospital system cloud/SL-medicare/vendor/laravel/framework/src/Illuminate/Container/Container.php(662): Illuminate/Container/BoundMethod::call()
#28 E:/Hospital system cloud/SL-medicare/vendor/laravel/framework/src/Illuminate/Console/Command.php(211): Illuminate/Container/Container->call()
#29 E:/Hospital system cloud/SL-medicare/vendor/symfony/console/Command/Command.php(326): Illuminate/Console/Command->execute()
#30 E:/Hospital system cloud/SL-medicare/vendor/laravel/framework/src/Illuminate/Console/Command.php(180): Symfony/Component/Console/Command/Command->run()
#31 E:/Hospital system cloud/SL-medicare/vendor/symfony/console/Application.php(1121): Illuminate/Console/Command->run()
#32 E:/Hospital system cloud/SL-medicare/vendor/symfony/console/Application.php(324): Symfony/Component/Console/Application->doRunCommand()
#33 E:/Hospital system cloud/SL-medicare/vendor/symfony/console/Application.php(175): Symfony/Component/Console/Application->doRun()
#34 E:/Hospital system cloud/SL-medicare/vendor/laravel/framework/src/Illuminate/Foundation/Console/Kernel.php(201): Symfony/Component/Console/Application->run()
#35 E:/Hospital system cloud/SL-medicare/artisan(35): Illuminate/Foundation/Console/Kernel->handle()
#36 {main}
"} 
[2026-07-18 11:56:23] local.ERROR: Call to a member function isEmpty() on array (View: C:\Users\hmcdi\OneDrive\Documents\GITHUB\SL-medicare\resources\views\dashboard.blade.php) {"userId":2,"exception":"[object] (Illuminate\\View\\ViewException(code: 0): Call to a member function isEmpty() on array (View: C:\\Users\\hmcdi\\OneDrive\\Documents\\GITHUB\\SL-medicare\\resources\\views\\dashboard.blade.php) at C:/Users/hmcdi/OneDrive/Documents/GITHUB/SL-medicare/storage/framework/views/6787200825bb9f84a3ce003605140e58.php:172)
[stacktrace]
#0 C:/Users/hmcdi/OneDrive/Documents/GITHUB/SL-medicare/vendor/laravel/framework/src/Illuminate/View/Engines/PhpEngine.php(60): Illuminate/View/Engines/CompilerEngine->handleViewException(Object(Error), 1)
#1 C:/Users/hmcdi/OneDrive/Documents/GITHUB/SL-medicare/vendor/laravel/framework/src/Illuminate/View/Engines/CompilerEngine.php(72): Illuminate/View/Engines/PhpEngine->evaluatePath('C://Users//hmcdi//...', Array)
#2 C:/Users/hmcdi/OneDrive/Documents/GITHUB/SL-medicare/vendor/laravel/framework/src/Illuminate/View/View.php(207): Illuminate/View/Engines/CompilerEngine->get('C://Users//hmcdi//...', Array)
#3 C:/Users/hmcdi/OneDrive/Documents/GITHUB/SL-medicare/vendor/laravel/framework/src/Illuminate/View/View.php(190): Illuminate/View/View->getContents()
#4 C:/Users/hmcdi/OneDrive/Documents/GITHUB/SL-medicare/vendor/laravel/framework/src/Illuminate/View/View.php(159): Illuminate/View/View->renderContents()
#5 C:/Users/hmcdi/OneDrive/Documents/GITHUB/SL-medicare/vendor/laravel/framework/src/Illuminate/Http/Response.php(69): Illuminate/View/View->render()
#6 C:/Users/hmcdi/OneDrive/Documents/GITHUB/SL-medicare/vendor/laravel/framework/src/Illuminate/Http/Response.php(35): Illuminate/Http/Response->setContent(Object(Illuminate/View/View))
#7 C:/Users/hmcdi/OneDrive/Documents/GITHUB/SL-medicare/vendor/laravel/framework/src/Illuminate/Routing/Router.php(918): Illuminate/Http/Response->__construct(Object(Illuminate/View/View), 200, Array)
#8 C:/Users/hmcdi/OneDrive/Documents/GITHUB/SL-medicare/vendor/laravel/framework/src/Illuminate/Routing/Router.php(885): Illuminate/Routing/Router::toResponse(Object(Illuminate/Http/Request), Object(Illuminate/View/View))
#9 C:/Users/hmcdi/OneDrive/Documents/GITHUB/SL-medicare/vendor/laravel/framework/src/Illuminate/Routing/Router.php(805): Illuminate/Routing/Router->prepareResponse(Object(Illuminate/Http/Request), Object(Illuminate/View/View))
#10 C:/Users/hmcdi/OneDrive/Documents/GITHUB/SL-medicare/vendor/laravel/framework/src/Illuminate/Pipeline/Pipeline.php(144): Illuminate/Routing/Router->Illuminate/Routing/{closure}(Object(Illuminate/Http/Request))
#11 C:/Users/hmcdi/OneDrive/Documents/GITHUB/SL-medicare/vendor/laravel/framework/src/Illuminate/Routing/Middleware/SubstituteBindings.php(50): Illuminate/Pipeline/Pipeline->Illuminate/Pipeline/{closure}(Object(Illuminate/Http/Request))
#12 C:/Users/hmcdi/OneDrive/Documents/GITHUB/SL-medicare/vendor/laravel/framework/src/Illuminate/Pipeline/Pipeline.php(183): Illuminate/Routing/Middleware/SubstituteBindings->handle(Object(Illuminate/Http/Request), Object(Closure))
#13 C:/Users/hmcdi/OneDrive/Documents/GITHUB/SL-medicare/vendor/laravel/framework/src/Illuminate/Auth/Middleware/Authenticate.php(57): Illuminate/Pipeline/Pipeline->Illuminate/Pipeline/{closure}(Object(Illuminate/Http/Request))
#14 C:/Users/hmcdi/OneDrive/Documents/GITHUB/SL-medicare/vendor/laravel/framework/src/Illuminate/Pipeline/Pipeline.php(183): Illuminate/Auth/Middleware/Authenticate->handle(Object(Illuminate/Http/Request), Object(Closure))
#15 C:/Users/hmcdi/OneDrive/Documents/GITHUB/SL-medicare/vendor/laravel/framework/src/Illuminate/Foundation/Http/Middleware/VerifyCsrfToken.php(78): Illuminate/Pipeline/Pipeline->Illuminate/Pipeline/{closure}(Object(Illuminate/Http/Request))
#16 C:/Users/hmcdi/OneDrive/Documents/GITHUB/SL-medicare/vendor/laravel/framework/src/Illuminate/Pipeline/Pipeline.php(183): Illuminate/Foundation/Http/Middleware/VerifyCsrfToken->handle(Object(Illuminate/Http/Request), Object(Closure))
#17 C:/Users/hmcdi/OneDrive/Documents/GITHUB/SL-medicare/vendor/laravel/framework/src/Illuminate/View/Middleware/ShareErrorsFromSession.php(49): Illuminate/Pipeline/Pipeline->Illuminate/Pipeline/{closure}(Object(Illuminate/Http/Request))
#18 C:/Users/hmcdi/OneDrive/Documents/GITHUB/SL-medicare/vendor/laravel/framework/src/Illuminate/Pipeline/Pipeline.php(183): Illuminate/View/Middleware/ShareErrorsFromSession->handle(Object(Illuminate/Http/Request), Object(Closure))
#19 C:/Users/hmcdi/OneDrive/Documents/GITHUB/SL-medicare/vendor/laravel/framework/src/Illuminate/Session/Middleware/StartSession.php(121): Illuminate/Pipeline/Pipeline->Illuminate/Pipeline/{closure}(Object(Illuminate/Http/Request))
#20 C:/Users/hmcdi/OneDrive/Documents/GITHUB/SL-medicare/vendor/laravel/framework/src/Illuminate/Session/Middleware/StartSession.php(64): Illuminate/Session/Middleware/StartSession->handleStatefulRequest(Object(Illuminate/Http/Request), Object(Illuminate/Session/Store), Object(Closure))
#21 C:/Users/hmcdi/OneDrive/Documents/GITHUB/SL-medicare/vendor/laravel/framework/src/Illuminate/Pipeline/Pipeline.php(183): Illuminate/Session/Middleware/StartSession->handle(Object(Illuminate/Http/Request), Object(Closure))
#22 C:/Users/hmcdi/OneDrive/Documents/GITHUB/SL-medicare/vendor/laravel/framework/src/Illuminate/Cookie/Middleware/AddQueuedCookiesToResponse.php(37): Illuminate/Pipeline/Pipeline->Illuminate/Pipeline/{closure}(Object(Illuminate/Http/Request))
#23 C:/Users/hmcdi/OneDrive/Documents/GITHUB/SL-medicare/vendor/laravel/framework/src/Illuminate/Pipeline/Pipeline.php(183): Illuminate/Cookie/Middleware/AddQueuedCookiesToResponse->handle(Object(Illuminate/Http/Request), Object(Closure))
#24 C:/Users/hmcdi/OneDrive/Documents/GITHUB/SL-medicare/vendor/laravel/framework/src/Illuminate/Cookie/Middleware/EncryptCookies.php(67): Illuminate/Pipeline/Pipeline->Illuminate/Pipeline/{closure}(Object(Illuminate/Http/Request))
#25 C:/Users/hmcdi/OneDrive/Documents/GITHUB/SL-medicare/vendor/laravel/framework/src/Illuminate/Pipeline/Pipeline.php(183): Illuminate/Cookie/Middleware/EncryptCookies->handle(Object(Illuminate/Http/Request), Object(Closure))
#26 C:/Users/hmcdi/OneDrive/Documents/GITHUB/SL-medicare/vendor/laravel/framework/src/Illuminate/Pipeline/Pipeline.php(119): Illuminate/Pipeline/Pipeline->Illuminate/Pipeline/{closure}(Object(Illuminate/Http/Request))
#27 C:/Users/hmcdi/OneDrive/Documents/GITHUB/SL-medicare/vendor/laravel/framework/src/Illuminate/Routing/Router.php(805): Illuminate/Pipeline/Pipeline->then(Object(Closure))
#28 C:/Users/hmcdi/OneDrive/Documents/GITHUB/SL-medicare/vendor/laravel/framework/src/Illuminate/Routing/Router.php(784): Illuminate/Routing/Router->runRouteWithinStack(Object(Illuminate/Routing/Route), Object(Illuminate/Http/Request))
#29 C:/Users/hmcdi/OneDrive/Documents/GITHUB/SL-medicare/vendor/laravel/framework/src/Illuminate/Routing/Router.php(748): Illuminate/Routing/Router->runRoute(Object(Illuminate/Http/Request), Object(Illuminate/Routing/Route))
#30 C:/Users/hmcdi/OneDrive/Documents/GITHUB/SL-medicare/vendor/laravel/framework/src/Illuminate/Routing/Router.php(737): Illuminate/Routing/Router->dispatchToRoute(Object(Illuminate/Http/Request))
#31 C:/Users/hmcdi/OneDrive/Documents/GITHUB/SL-medicare/vendor/laravel/framework/src/Illuminate/Foundation/Http/Kernel.php(200): Illuminate/Routing/Router->dispatch(Object(Illuminate/Http/Request))
#32 C:/Users/hmcdi/OneDrive/Documents/GITHUB/SL-medicare/vendor/laravel/framework/src/Illuminate/Pipeline/Pipeline.php(144): Illuminate/Foundation/Http/Kernel->Illuminate/Foundation/Http/{closure}(Object(Illuminate/Http/Request))
#33 C:/Users/hmcdi/OneDrive/Documents/GITHUB/SL-medicare/vendor/laravel/framework/src/Illuminate/Foundation/Http/Middleware/TransformsRequest.php(21): Illuminate/Pipeline/Pipeline->Illuminate/Pipeline/{closure}(Object(Illuminate/Http/Request))
#34 C:/Users/hmcdi/OneDrive/Documents/GITHUB/SL-medicare/vendor/laravel/framework/src/Illuminate/Foundation/Http/Middleware/ConvertEmptyStringsToNull.php(31): Illuminate/Foundation/Http/Middleware/TransformsRequest->handle(Object(Illuminate/Http/Request), Object(Closure))
#35 C:/Users/hmcdi/OneDrive/Documents/GITHUB/SL-medicare/vendor/laravel/framework/src/Illuminate/Pipeline/Pipeline.php(183): Illuminate/Foundation/Http/Middleware/ConvertEmptyStringsToNull->handle(Object(Illuminate/Http/Request), Object(Closure))
#36 C:/Users/hmcdi/OneDrive/Documents/GITHUB/SL-medicare/vendor/laravel/framework/src/Illuminate/Foundation/Http/Middleware/TransformsRequest.php(21): Illuminate/Pipeline/Pipeline->Illuminate/Pipeline/{closure}(Object(Illuminate/Http/Request))
#37 C:/Users/hmcdi/OneDrive/Documents/GITHUB/SL-medicare/vendor/laravel/framework/src/Illuminate/Foundation/Http/Middleware/TrimStrings.php(40): Illuminate/Foundation/Http/Middleware/TransformsRequest->handle(Object(Illuminate/Http/Request), Object(Closure))
#38 C:/Users/hmcdi/OneDrive/Documents/GITHUB/SL-medicare/vendor/laravel/framework/src/Illuminate/Pipeline/Pipeline.php(183): Illuminate/Foundation/Http/Middleware/TrimStrings->handle(Object(Illuminate/Http/Request), Object(Closure))
#39 C:/Users/hmcdi/OneDrive/Documents/GITHUB/SL-medicare/vendor/laravel/framework/src/Illuminate/Foundation/Http/Middleware/ValidatePostSize.php(27): Illuminate/Pipeline/Pipeline->Illuminate/Pipeline/{closure}(Object(Illuminate/Http/Request))
#40 C:/Users/hmcdi/OneDrive/Documents/GITHUB/SL-medicare/vendor/laravel/framework/src/Illuminate/Pipeline/Pipeline.php(183): Illuminate/Foundation/Http/Middleware/ValidatePostSize->handle(Object(Illuminate/Http/Request), Object(Closure))
#41 C:/Users/hmcdi/OneDrive/Documents/GITHUB/SL-medicare/vendor/laravel/framework/src/Illuminate/Http/Middleware/HandleCors.php(49): Illuminate/Pipeline/Pipeline->Illuminate/Pipeline/{closure}(Object(Illuminate/Http/Request))
#42 C:/Users/hmcdi/OneDrive/Documents/GITHUB/SL-medicare/vendor/laravel/framework/src/Illuminate/Pipeline/Pipeline.php(183): Illuminate/Http/Middleware/HandleCors->handle(Object(Illuminate/Http/Request), Object(Closure))
#43 C:/Users/hmcdi/OneDrive/Documents/GITHUB/SL-medicare/vendor/laravel/framework/src/Illuminate/Pipeline/Pipeline.php(119): Illuminate/Pipeline/Pipeline->Illuminate/Pipeline/{closure}(Object(Illuminate/Http/Request))
#44 C:/Users/hmcdi/OneDrive/Documents/GITHUB/SL-medicare/vendor/laravel/framework/src/Illuminate/Foundation/Http/Kernel.php(175): Illuminate/Pipeline/Pipeline->then(Object(Closure))
#45 C:/Users/hmcdi/OneDrive/Documents/GITHUB/SL-medicare/vendor/laravel/framework/src/Illuminate/Foundation/Http/Kernel.php(144): Illuminate/Foundation/Http/Kernel->sendRequestThroughRouter(Object(Illuminate/Http/Request))
#46 C:/Users/hmcdi/OneDrive/Documents/GITHUB/SL-medicare/public/index.php(21): Illuminate/Foundation/Http/Kernel->handle(Object(Illuminate/Http/Request))
#47 C:/Users/hmcdi/OneDrive/Documents/GITHUB/SL-medicare/vendor/laravel/framework/src/Illuminate/Foundation/resources/server.php(16): require_once('C://Users//hmcdi//...')
#48 {main}

[previous exception] [object] (Error(code: 0): Call to a member function isEmpty() on array at C:/Users/hmcdi/OneDrive/Documents/GITHUB/SL-medicare/storage/framework/views/6787200825bb9f84a3ce003605140e58.php:172)
[stacktrace]
#0 C:/Users/hmcdi/OneDrive/Documents/GITHUB/SL-medicare/vendor/laravel/framework/src/Illuminate/Filesystem/Filesystem.php(123): require()
#1 C:/Users/hmcdi/OneDrive/Documents/GITHUB/SL-medicare/vendor/laravel/framework/src/Illuminate/Filesystem/Filesystem.php(124): Illuminate/Filesystem/Filesystem::Illuminate/Filesystem/{closure}()
#2 C:/Users/hmcdi/OneDrive/Documents/GITHUB/SL-medicare/vendor/laravel/framework/src/Illuminate/View/Engines/PhpEngine.php(58): Illuminate/Filesystem/Filesystem->getRequire('C://Users//hmcdi//...', Array)
#3 C:/Users/hmcdi/OneDrive/Documents/GITHUB/SL-medicare/vendor/laravel/framework/src/Illuminate/View/Engines/CompilerEngine.php(72): Illuminate/View/Engines/PhpEngine->evaluatePath('C://Users//hmcdi//...', Array)
#4 C:/Users/hmcdi/OneDrive/Documents/GITHUB/SL-medicare/vendor/laravel/framework/src/Illuminate/View/View.php(207): Illuminate/View/Engines/CompilerEngine->get('C://Users//hmcdi//...', Array)
#5 C:/Users/hmcdi/OneDrive/Documents/GITHUB/SL-medicare/vendor/laravel/framework/src/Illuminate/View/View.php(190): Illuminate/View/View->getContents()
#6 C:/Users/hmcdi/OneDrive/Documents/GITHUB/SL-medicare/vendor/laravel/framework/src/Illuminate/View/View.php(159): Illuminate/View/View->renderContents()
#7 C:/Users/hmcdi/OneDrive/Documents/GITHUB/SL-medicare/vendor/laravel/framework/src/Illuminate/Http/Response.php(69): Illuminate/View/View->render()
#8 C:/Users/hmcdi/OneDrive/Documents/GITHUB/SL-medicare/vendor/laravel/framework/src/Illuminate/Http/Response.php(35): Illuminate/Http/Response->setContent(Object(Illuminate/View/View))
#9 C:/Users/hmcdi/OneDrive/Documents/GITHUB/SL-medicare/vendor/laravel/framework/src/Illuminate/Routing/Router.php(918): Illuminate/Http/Response->__construct(Object(Illuminate/View/View), 200, Array)
#10 C:/Users/hmcdi/OneDrive/Documents/GITHUB/SL-medicare/vendor/laravel/framework/src/Illuminate/Routing/Router.php(885): Illuminate/Routing/Router::toResponse(Object(Illuminate/Http/Request), Object(Illuminate/View/View))
#11 C:/Users/hmcdi/OneDrive/Documents/GITHUB/SL-medicare/vendor/laravel/framework/src/Illuminate/Routing/Router.php(805): Illuminate/Routing/Router->prepareResponse(Object(Illuminate/Http/Request), Object(Illuminate/View/View))
#12 C:/Users/hmcdi/OneDrive/Documents/GITHUB/SL-medicare/vendor/laravel/framework/src/Illuminate/Pipeline/Pipeline.php(144): Illuminate/Routing/Router->Illuminate/Routing/{closure}(Object(Illuminate/Http/Request))
#13 C:/Users/hmcdi/OneDrive/Documents/GITHUB/SL-medicare/vendor/laravel/framework/src/Illuminate/Routing/Middleware/SubstituteBindings.php(50): Illuminate/Pipeline/Pipeline->Illuminate/Pipeline/{closure}(Object(Illuminate/Http/Request))
#14 C:/Users/hmcdi/OneDrive/Documents/GITHUB/SL-medicare/vendor/laravel/framework/src/Illuminate/Pipeline/Pipeline.php(183): Illuminate/Routing/Middleware/SubstituteBindings->handle(Object(Illuminate/Http/Request), Object(Closure))
#15 C:/Users/hmcdi/OneDrive/Documents/GITHUB/SL-medicare/vendor/laravel/framework/src/Illuminate/Auth/Middleware/Authenticate.php(57): Illuminate/Pipeline/Pipeline->Illuminate/Pipeline/{closure}(Object(Illuminate/Http/Request))
#16 C:/Users/hmcdi/OneDrive/Documents/GITHUB/SL-medicare/vendor/laravel/framework/src/Illuminate/Pipeline/Pipeline.php(183): Illuminate/Auth/Middleware/Authenticate->handle(Object(Illuminate/Http/Request), Object(Closure))
#17 C:/Users/hmcdi/OneDrive/Documents/GITHUB/SL-medicare/vendor/laravel/framework/src/Illuminate/Foundation/Http/Middleware/VerifyCsrfToken.php(78): Illuminate/Pipeline/Pipeline->Illuminate/Pipeline/{closure}(Object(Illuminate/Http/Request))
#18 C:/Users/hmcdi/OneDrive/Documents/GITHUB/SL-medicare/vendor/laravel/framework/src/Illuminate/Pipeline/Pipeline.php(183): Illuminate/Foundation/Http/Middleware/VerifyCsrfToken->handle(Object(Illuminate/Http/Request), Object(Closure))
#19 C:/Users/hmcdi/OneDrive/Documents/GITHUB/SL-medicare/vendor/laravel/framework/src/Illuminate/View/Middleware/ShareErrorsFromSession.php(49): Illuminate/Pipeline/Pipeline->Illuminate/Pipeline/{closure}(Object(Illuminate/Http/Request))
#20 C:/Users/hmcdi/OneDrive/Documents/GITHUB/SL-medicare/vendor/laravel/framework/src/Illuminate/Pipeline/Pipeline.php(183): Illuminate/View/Middleware/ShareErrorsFromSession->handle(Object(Illuminate/Http/Request), Object(Closure))
#21 C:/Users/hmcdi/OneDrive/Documents/GITHUB/SL-medicare/vendor/laravel/framework/src/Illuminate/Session/Middleware/StartSession.php(121): Illuminate/Pipeline/Pipeline->Illuminate/Pipeline/{closure}(Object(Illuminate/Http/Request))
#22 C:/Users/hmcdi/OneDrive/Documents/GITHUB/SL-medicare/vendor/laravel/framework/src/Illuminate/Session/Middleware/StartSession.php(64): Illuminate/Session/Middleware/StartSession->handleStatefulRequest(Object(Illuminate/Http/Request), Object(Illuminate/Session/Store), Object(Closure))
#23 C:/Users/hmcdi/OneDrive/Documents/GITHUB/SL-medicare/vendor/laravel/framework/src/Illuminate/Pipeline/Pipeline.php(183): Illuminate/Session/Middleware/StartSession->handle(Object(Illuminate/Http/Request), Object(Closure))
#24 C:/Users/hmcdi/OneDrive/Documents/GITHUB/SL-medicare/vendor/laravel/framework/src/Illuminate/Cookie/Middleware/AddQueuedCookiesToResponse.php(37): Illuminate/Pipeline/Pipeline->Illuminate/Pipeline/{closure}(Object(Illuminate/Http/Request))
#25 C:/Users/hmcdi/OneDrive/Documents/GITHUB/SL-medicare/vendor/laravel/framework/src/Illuminate/Pipeline/Pipeline.php(183): Illuminate/Cookie/Middleware/AddQueuedCookiesToResponse->handle(Object(Illuminate/Http/Request), Object(Closure))
#26 C:/Users/hmcdi/OneDrive/Documents/GITHUB/SL-medicare/vendor/laravel/framework/src/Illuminate/Cookie/Middleware/EncryptCookies.php(67): Illuminate/Pipeline/Pipeline->Illuminate/Pipeline/{closure}(Object(Illuminate/Http/Request))
#27 C:/Users/hmcdi/OneDrive/Documents/GITHUB/SL-medicare/vendor/laravel/framework/src/Illuminate/Pipeline/Pipeline.php(183): Illuminate/Cookie/Middleware/EncryptCookies->handle(Object(Illuminate/Http/Request), Object(Closure))
#28 C:/Users/hmcdi/OneDrive/Documents/GITHUB/SL-medicare/vendor/laravel/framework/src/Illuminate/Pipeline/Pipeline.php(119): Illuminate/Pipeline/Pipeline->Illuminate/Pipeline/{closure}(Object(Illuminate/Http/Request))
#29 C:/Users/hmcdi/OneDrive/Documents/GITHUB/SL-medicare/vendor/laravel/framework/src/Illuminate/Routing/Router.php(805): Illuminate/Pipeline/Pipeline->then(Object(Closure))
#30 C:/Users/hmcdi/OneDrive/Documents/GITHUB/SL-medicare/vendor/laravel/framework/src/Illuminate/Routing/Router.php(784): Illuminate/Routing/Router->runRouteWithinStack(Object(Illuminate/Routing/Route), Object(Illuminate/Http/Request))
#31 C:/Users/hmcdi/OneDrive/Documents/GITHUB/SL-medicare/vendor/laravel/framework/src/Illuminate/Routing/Router.php(748): Illuminate/Routing/Router->runRoute(Object(Illuminate/Http/Request), Object(Illuminate/Routing/Route))
#32 C:/Users/hmcdi/OneDrive/Documents/GITHUB/SL-medicare/vendor/laravel/framework/src/Illuminate/Routing/Router.php(737): Illuminate/Routing/Router->dispatchToRoute(Object(Illuminate/Http/Request))
#33 C:/Users/hmcdi/OneDrive/Documents/GITHUB/SL-medicare/vendor/laravel/framework/src/Illuminate/Foundation/Http/Kernel.php(200): Illuminate/Routing/Router->dispatch(Object(Illuminate/Http/Request))
#34 C:/Users/hmcdi/OneDrive/Documents/GITHUB/SL-medicare/vendor/laravel/framework/src/Illuminate/Pipeline/Pipeline.php(144): Illuminate/Foundation/Http/Kernel->Illuminate/Foundation/Http/{closure}(Object(Illuminate/Http/Request))
#35 C:/Users/hmcdi/OneDrive/Documents/GITHUB/SL-medicare/vendor/laravel/framework/src/Illuminate/Foundation/Http/Middleware/TransformsRequest.php(21): Illuminate/Pipeline/Pipeline->Illuminate/Pipeline/{closure}(Object(Illuminate/Http/Request))
#36 C:/Users/hmcdi/OneDrive/Documents/GITHUB/SL-medicare/vendor/laravel/framework/src/Illuminate/Foundation/Http/Middleware/ConvertEmptyStringsToNull.php(31): Illuminate/Foundation/Http/Middleware/TransformsRequest->handle(Object(Illuminate/Http/Request), Object(Closure))
#37 C:/Users/hmcdi/OneDrive/Documents/GITHUB/SL-medicare/vendor/laravel/framework/src/Illuminate/Pipeline/Pipeline.php(183): Illuminate/Foundation/Http/Middleware/ConvertEmptyStringsToNull->handle(Object(Illuminate/Http/Request), Object(Closure))
#38 C:/Users/hmcdi/OneDrive/Documents/GITHUB/SL-medicare/vendor/laravel/framework/src/Illuminate/Foundation/Http/Middleware/TransformsRequest.php(21): Illuminate/Pipeline/Pipeline->Illuminate/Pipeline/{closure}(Object(Illuminate/Http/Request))
#39 C:/Users/hmcdi/OneDrive/Documents/GITHUB/SL-medicare/vendor/laravel/framework/src/Illuminate/Foundation/Http/Middleware/TrimStrings.php(40): Illuminate/Foundation/Http/Middleware/TransformsRequest->handle(Object(Illuminate/Http/Request), Object(Closure))
#40 C:/Users/hmcdi/OneDrive/Documents/GITHUB/SL-medicare/vendor/laravel/framework/src/Illuminate/Pipeline/Pipeline.php(183): Illuminate/Foundation/Http/Middleware/TrimStrings->handle(Object(Illuminate/Http/Request), Object(Closure))
#41 C:/Users/hmcdi/OneDrive/Documents/GITHUB/SL-medicare/vendor/laravel/framework/src/Illuminate/Foundation/Http/Middleware/ValidatePostSize.php(27): Illuminate/Pipeline/Pipeline->Illuminate/Pipeline/{closure}(Object(Illuminate/Http/Request))
#42 C:/Users/hmcdi/OneDrive/Documents/GITHUB/SL-medicare/vendor/laravel/framework/src/Illuminate/Pipeline/Pipeline.php(183): Illuminate/Foundation/Http/Middleware/ValidatePostSize->handle(Object(Illuminate/Http/Request), Object(Closure))
#43 C:/Users/hmcdi/OneDrive/Documents/GITHUB/SL-medicare/vendor/laravel/framework/src/Illuminate/Http/Middleware/HandleCors.php(49): Illuminate/Pipeline/Pipeline->Illuminate/Pipeline/{closure}(Object(Illuminate/Http/Request))
#44 C:/Users/hmcdi/OneDrive/Documents/GITHUB/SL-medicare/vendor/laravel/framework/src/Illuminate/Pipeline/Pipeline.php(183): Illuminate/Http/Middleware/HandleCors->handle(Object(Illuminate/Http/Request), Object(Closure))
#45 C:/Users/hmcdi/OneDrive/Documents/GITHUB/SL-medicare/vendor/laravel/framework/src/Illuminate/Pipeline/Pipeline.php(119): Illuminate/Pipeline/Pipeline->Illuminate/Pipeline/{closure}(Object(Illuminate/Http/Request))
#46 C:/Users/hmcdi/OneDrive/Documents/GITHUB/SL-medicare/vendor/laravel/framework/src/Illuminate/Foundation/Http/Kernel.php(175): Illuminate/Pipeline/Pipeline->then(Object(Closure))
#47 C:/Users/hmcdi/OneDrive/Documents/GITHUB/SL-medicare/vendor/laravel/framework/src/Illuminate/Foundation/Http/Kernel.php(144): Illuminate/Foundation/Http/Kernel->sendRequestThroughRouter(Object(Illuminate/Http/Request))
#48 C:/Users/hmcdi/OneDrive/Documents/GITHUB/SL-medicare/public/index.php(21): Illuminate/Foundation/Http/Kernel->handle(Object(Illuminate/Http/Request))
#49 C:/Users/hmcdi/OneDrive/Documents/GITHUB/SL-medicare/vendor/laravel/framework/src/Illuminate/Foundation/resources/server.php(16): require_once('C://Users//hmcdi//...')
#50 {main}
"} 
[2026-07-18 12:36:28] local.ERROR: Cloudinary API Error: {"error":{"message":"Unknown API key "}}  
[2026-07-18 12:37:13] local.ERROR: Cloudinary API Error: {"error":{"message":"Unknown API key "}}  
